time,convective_fraction,longwave_radiation,potential_energy,potential_evaporation,pressure,shortwave_radiation,specific_humidity,temperature,total_precipitation,wind_u,wind_v
5/15/2017 0:00,0,316.9229789,0,0.123136427,98347.08198,0,0.00659673,10.47834024,0,6.118621975,-1.966285217
5/15/2017 1:00,0,316.9278621,0,0.041146735,98396.49712,0,0.006394641,9.914158106,0,6.06443984,-2.076285217
5/15/2017 2:00,0,316.9278621,0,0.041146735,98445.7973,0,0.006192647,9.349975971,0,6.015374543,-2.186051541
5/15/2017 3:00,0,321.7246934,0,0.041146735,98495.65243,0,0.005990654,8.785793836,0,5.966309246,-2.296051541
5/15/2017 4:00,0,321.7246934,0,0.045870103,98409.49018,0,0.006006641,8.616027512,0,6.395140867,-2.555116838
5/15/2017 5:00,0,321.7295765,0,0.045870103,98323.6554,0,0.006022628,8.441378025,0,6.823972488,-2.814415811
5/15/2017 6:00,0,345.6417012,0,0.045870103,98237.5081,0,0.006039015,8.271611701,0.00030701,7.252804109,-3.073481107
5/15/2017 7:00,0,345.6417012,0,0.044483402,98245.33071,0,0.0061334,8.28114435,0.015555187,7.406986244,-2.684182135
5/15/2017 8:00,0,345.636818,0,0.044483402,98253.15333,0,0.00622789,8.290676998,0.021593056,7.566285217,-2.294883162
5/15/2017 9:00,0,343.9961891,0,0.044483402,98260.66342,0,0.006322179,8.300248709,0.2383558,7.725350514,-1.910467352
5/15/2017 10:00,0,343.9913059,0,0.064478969,98325.01558,21.51369208,0.006480553,8.730443322,0.125901856,7.515350514,-2.636285217
5/15/2017 11:00,0,343.9913059,0,0.064478969,98388.82775,72.68914087,0.006639027,9.160910674,0.317014285,7.305116838,-3.36721992
5/15/2017 12:00,0,348.3689452,0,0.064478969,98452.86739,143.8660318,0.006797201,9.59114435,0.331684123,7.094883162,-4.098154623
5/15/2017 13:00,0.032772373,348.364062,3.328,0.199473815,98485.75522,207.632891,0.00694101,10.000677,0.525595111,7.13,-4.102336758
5/15/2017 14:00,0.032772373,348.364062,6.656,0.199473815,98518.45801,267.4928741,0.007085119,10.41020965,0.586158635,7.165116838,-4.096518893
5/15/2017 15:00,0.032772373,351.736141,10.016,0.199473815,98551.47333,306.7342221,0.007228724,10.82485913,0.188878008,7.2,-4.100701027
5/15/2017 16:00,0.081011659,351.736141,28.08852238,0.266701376,98546.29036,338.2997213,0.007374094,11.34462546,0.010352304,6.714182135,-4.694649486
5/15/2017 17:00,0,351.736141,46.22429699,0.266701376,98540.79486,340.4151542,0.007519169,11.86927494,0,6.223247432,-5.293714783
5/15/2017 18:00,0,359.0568661,64.29756713,0.266701376,98535.61189,308.421548,0.007664544,12.38880759,0,5.737195891,-5.887663242
5/15/2017 19:00,0,359.0568661,56.24986411,0.276168421,98594.00234,282.853954,0.007531929,12.87880759,0,5.267195891,-6.223481107
5/15/2017 20:00,0,359.0570998,48.20365663,0.276168421,98652.08027,235.6361436,0.007399618,13.36857392,0,4.802312729,-6.559298973
5/15/2017 21:00,0,354.7326599,40.15595361,0.276168421,98710.47071,218.5006513,0.007267304,13.85861298,0,4.342312729,-6.895116838
5/15/2017 22:00,0,354.7375431,30.09913425,0.168627561,98791.37279,146.4873069,0.007236622,13.55950862,0,4.02278008,-6.434883162
5/15/2017 23:00,0,354.7375431,20.04081936,0.168627561,98871.73486,69.19092046,0.007206144,13.26048238,0,3.708130594,-5.974649486
5/16/2017 0:00,0,345.9166565,9.984,0.168627561,98952.73694,0,0.007175461,12.95653393,0,3.393714783,-5.514415811
5/16/2017 1:00,0,345.9166565,6.656,0.060062372,99060.52198,0,0.007070886,12.6116117,0,3.329298973,-4.764883162
5/16/2017 2:00,0,345.9166565,3.328,0.060062372,99168.53451,0,0.006966015,12.2616117,0,3.264883162,-4.020233676
5/16/2017 3:00,0,306.5590761,0,0.060062372,99275.80703,0,0.006861339,11.9167676,0,3.200701027,-3.275584189
5/16/2017 4:00,0,306.5639593,0,0.01430653,99275.87955,0,0.006652113,11.20091067,0,3.360233676,-2.645584189
5/16/2017 5:00,0,306.5639593,0,0.01430653,99275.6246,0,0.006442791,10.48532648,0,3.524883162,-2.015350514
5/16/2017 6:00,0,278.0123782,0,0.01430653,99275.59712,0,0.006233165,9.764625457,0,3.689532648,-1.380233676
5/16/2017 7:00,0,278.0123782,0,-0.004318694,99299.00216,0,0.006156584,9.484391781,0,3.809766324,-1.349766324
5/16/2017 8:00,0,278.0123782,0,-0.004318694,99322.42216,0,0.006079703,9.20908033,0,3.934883162,-1.319298973
5/16/2017 9:00,0,279.4691308,0,-0.004318694,99346.15469,0,0.006002921,8.93392443,0,4.065116838,-1.298831621
5/16/2017 10:00,0,279.4642476,0,0.092067285,99442.45712,62.56402884,0.006563412,10.71880759,0,3.940467352,-1.519065297
5/16/2017 11:00,0,279.4642476,0,0.092067285,99538.85955,206.032,0.007123903,12.50880759,0,3.815817865,-1.739298973
5/16/2017 12:00,0,298.085464,0,0.092067285,99635.48946,392.6620921,0.007684198,14.29880759,0,3.696285217,-1.959532648
5/16/2017 13:00,0,298.0805809,0,0.524420526,99650.72982,565.7184329,0.007867384,16.30927494,0,3.670467352,-2.385584189
5/16/2017 14:00,0,298.0756977,0,0.524420526,99666.7227,728.0894554,0.00805046,18.31462546,0,3.644649486,-2.816752568
5/16/2017 15:00,0,317.714086,0,0.524420526,99682.53054,803.8341853,0.008233242,20.32509281,0,3.618831621,-3.247920947
5/16/2017 16:00,0,317.714086,0,0.822678489,99697.40757,886.2904091,0.008328459,20.99556016,0,4.548597945,-2.247920947
5/16/2017 17:00,0,317.714086,0,0.822678489,99712.8246,891.8845386,0.008423373,21.66091067,0,5.47836427,-1.243037785
5/16/2017 18:00,0,327.4578248,0,0.822678489,99727.8291,830.1837909,0.008518295,22.33137803,0,6.413247432,-0.243037785
5/16/2017 19:00,0,327.4578248,0,0.767043678,99710.89694,761.6822801,0.00872319,22.39137803,0,6.438831621,-0.323037785
5/16/2017 20:00,0,327.4578248,0,0.767043678,99693.96478,634.8195807,0.00892799,22.45626119,0,6.469298973,-0.402804109
5/16/2017 21:00,0,324.1324743,0,0.767043678,99676.80513,475.5125671,0.009132786,22.52114435,0,6.499766324,-0.482804109
5/16/2017 22:00,0,324.1373575,0,0.268671959,99696.7827,319.6600484,0.009172964,20.94602751,0,5.794649486,-0.072336758
5/16/2017 23:00,0,324.1422406,0,0.268671959,99716.12027,152.4143802,0.009212943,19.37602751,0,5.089532648,0.343013756
5/17/2017 0:00,0,326.3181066,0,0.268671959,99735.77036,0,0.009253226,17.80091067,0,4.384415811,0.763481107
5/17/2017 1:00,0,326.3229897,0,0.034037148,99761.78252,0,0.00898197,17.14114435,0,4.189532648,0.688597945
5/17/2017 2:00,0,326.3229897,0,0.034037148,99787.70721,0,0.008710718,16.48649486,0,3.999532648,0.618831621
5/17/2017 3:00,0,334.1403406,0,0.034037148,99813.84442,0,0.008439467,15.82672854,0,3.804649486,0.544182135
5/17/2017 4:00,0,334.1403406,0,0.018327801,99801.93486,0,0.008205782,15.42630025,0,3.794649486,0.249065297
5/17/2017 5:00,0,334.1403406,0,0.018327801,99790.33783,0,0.007971997,15.02579384,0,3.784883162,-0.051168379
5/17/2017 6:00,0,315.372732,0,0.018327801,99778.7408,0,0.007738312,14.63048238,0,3.78,-0.346285217
5/17/2017 7:00,0,315.372732,0,0.00281867,99791.48324,0,0.007505895,14.28626119,0,3.585116838,-0.025817865
5/17/2017 8:00,0,315.372732,0,0.00281867,99804.55315,0,0.007273378,13.94207905,0,3.395350514,0.294415811
5/17/2017 9:00,0,302.5766324,0,0.00281867,99816.98306,0,0.007041066,13.59789692,0,3.210467352,0.609766324
5/17/2017 10:00,0,302.5766324,0,0.094465165,99816.02549,63.82700066,0.007681707,15.19231273,0,2.960701027,0.775116838
5/17/2017 11:00,0,302.5768661,0,0.094465165,99814.88288,205.2411024,0.008322248,16.7816117,0,2.716051541,0.940467352
5/17/2017 12:00,0,332.4184778,0,0.094465165,99813.84027,387.5649897,0.008962794,18.37091067,0,2.471402055,1.100934703
5/17/2017 13:00,0,332.4135946,5.687180637,0.5574,99830.99522,557.4259847,0.009501813,20.24700128,0,2.830934703,2.015817865
5/17/2017 14:00,0,332.4135946,11.34161351,0.5574,99847.96513,716.8119984,0.010041033,22.12278008,0,3.190467352,2.930701027
5/17/2017 15:00,0,358.3204674,17.06004639,0.5574,99865.02009,800.2836808,0.010580157,23.99883162,0,3.554883162,3.845584189
5/17/2017 16:00,0,358.3204674,125.4555704,0.901737869,99794.46288,882.1864654,0.011259198,24.66046735,0,4.340701027,4.475584189
5/17/2017 17:00,0,358.3155842,233.9150944,0.901737869,99723.26567,887.7380342,0.011938233,25.32698624,0,5.121402055,5.105584189
5/17/2017 18:00,0,366.0300961,342.3106184,0.901737869,99652.80846,821.1132775,0.012617074,25.9883883,0,5.90721992,5.745584189
5/17/2017 19:00,0,366.0300961,679.8608894,0.754787181,99651.1681,753.6212059,0.013299659,26.06002403,0,6.007687271,5.470233676
5/17/2017 20:00,0,366.0300961,1017.41116,0.754787181,99650.16775,628.5195065,0.013982039,26.1367766,0,6.108154623,5.194649486
5/17/2017 21:00,0,360.6680892,1354.928684,0.754787181,99648.52739,469.4245761,0.01466422,26.20841233,0,6.203505137,4.919298973
5/17/2017 22:00,0,360.6680892,1385.590316,0.230144639,99625.27243,316.4333659,0.014662715,24.94329549,0,5.558388299,4.234415811
5/17/2017 23:00,0,360.6729723,1416.2192,0.230144639,99601.37748,152.2414455,0.014660916,23.67817865,0,4.908154623,3.549532648
5/18/2017 0:00,0,352.459347,1446.879337,0.230144639,99577.69504,0,0.014659316,22.41333455,0,4.257920947,2.864649486
5/18/2017 1:00,0,352.459347,1401.644293,0.00719299,99607.46757,0,0.014351954,21.9267766,0,4.618621975,2.950233676
5/18/2017 2:00,0,352.4542302,1356.440501,0.00719299,99637.78009,0,0.014044602,21.44537454,0,4.984206164,3.035817865
5/18/2017 3:00,0,349.2431994,1311.205457,0.00719299,99667.89261,0,0.013737044,20.95885565,0,5.349790353,3.116285217
5/18/2017 4:00,0,349.2431994,1185.881339,-0.010337148,99617.9373,0,0.013638686,20.74768727,0,5.400491381,2.721402055
5/18/2017 5:00,0,349.2431994,1060.555726,-0.010337148,99568.10946,0,0.013540533,20.54144112,0,5.45607557,2.331402055
5/18/2017 6:00,0,340.2810723,935.19886,-0.010337148,99518.05415,0,0.01344237,20.33511684,0,5.51165976,1.936518893
5/18/2017 7:00,0,340.2810723,811.3126525,-0.023825464,99536.33415,0,0.013223678,20.08492222,0,5.301426084,1.871402055
5/18/2017 8:00,0,340.2810723,687.3936972,-0.023825464,99554.28667,0,0.013004971,19.84464949,0,5.090958732,1.811168379
5/18/2017 9:00,0,339.2343197,563.4762375,-0.023825464,99572.23919,0,0.012786178,19.59441581,0,4.880725057,1.751168379
5/18/2017 10:00,0,339.2394365,503.1439869,0.089537388,99626.52163,65.17770169,0.013339295,20.88394846,0,4.759790353,1.575817865
5/18/2017 11:00,0,339.2345534,442.8429885,0.089537388,99680.47658,204.9953457,0.013892321,22.17348111,0,4.64885565,1.405584189
5/18/2017 12:00,0,364.455416,382.5107379,0.089537388,99734.65901,388.173589,0.014445347,23.45816966,0,4.532804109,1.230233676
5/18/2017 13:00,0,364.4556497,795.9215117,0.584763573,99661.24928,557.4063228,0.014757967,25.25352017,0,4.672804109,1.449532648
5/18/2017 14:00,0,364.4507665,1209.301033,0.584763573,99587.83955,716.2170753,0.015070486,27.05398752,0,4.812804109,1.673948459
5/18/2017 15:00,0,380.1053679,1622.711807,0.584763573,99514.6573,801.7821227,0.015383105,28.85441581,0,4.952804109,1.893247432
5/18/2017 16:00,0,380.1053679,1674.701736,0.918996768,99493.21486,883.6775897,0.01539244,29.35953265,0,5.007453596,2.45836427
5/18/2017 17:00,0,380.1004848,1726.658917,0.918996768,99471.98495,889.2375323,0.015401569,29.86464949,0,5.06721992,3.018597945
5/18/2017 18:00,0,385.7796221,1778.681594,0.918996768,99450.54252,812.7265028,0.015410708,30.37468855,0,5.122103082,3.583948459
5/18/2017 19:00,0,385.7745053,1969.299368,0.832829963,99417.90495,746.2023096,0.015460356,29.99558419,0,5.52721992,3.904182135
5/18/2017 20:00,0,385.7793885,2159.917142,0.832829963,99385.05486,622.7322364,0.015509604,29.61144112,0,5.937453596,4.224649486
5/18/2017 21:00,0,376.4541581,2350.534916,0.832829963,99352.20478,464.5602496,0.015559251,29.23210308,0,6.347687271,4.544883162
5/18/2017 22:00,0,376.4590413,2044.338371,0.303396528,99337.76982,313.9979178,0.015425968,27.65768727,0,5.948388299,4.220233676
5/18/2017 23:00,0,376.4588076,1738.20433,0.303396528,99323.64739,152.390941,0.01529248,26.08303779,0,5.554206164,3.895584189
5/19/2017 0:00,0,348.638646,1431.975037,0.303396528,99309.52495,0,0.015158992,24.50862197,0,5.159790353,3.570934703
5/19/2017 1:00,0,348.638646,1368.30102,0.043695567,99293.89,0,0.014615165,23.70280411,0,5.515140867,3.466285217
5/19/2017 2:00,0.470135065,348.6384123,1304.627002,0.043695567,99277.85504,0,0.01407143,22.89698624,0.000409347,5.870257705,3.356518893
5/19/2017 3:00,0,350.116591,1240.984236,0.043695567,99262.06009,0,0.013527504,22.09628522,0,6.225608219,3.246752568
5/19/2017 4:00,0.492444478,350.116591,1281.618673,0.020870078,99288.5827,0,0.013485354,21.65651889,0.03725058,6.030958732,2.956518893
5/19/2017 5:00,0.98076069,350.116591,1322.25311,0.020870078,99315.51783,0,0.013443105,21.21651889,1.527827909,5.836309246,2.666285217
5/19/2017 6:00,0.98076069,358.5301989,1362.887547,0.020870078,99342.04045,0,0.013400755,20.77679163,0.548087007,5.64165976,2.371168379
5/19/2017 7:00,0,358.5301989,1192.064377,-0.002462372,99337.63297,0,0.013191109,20.37186941,0,5.109790353,1.955584189
5/19/2017 8:00,0,358.5301989,1021.242702,-0.002462372,99333.55297,0,0.012981757,19.96210308,0,4.573037785,1.535116838
5/19/2017 9:00,0,342.0177768,850.4195321,-0.002462372,99329.35801,0,0.012772311,19.55721992,0,4.041168379,1.119532648
5/19/2017 10:00,0,342.0128936,849.9598755,0.101614021,99407.37748,66.49212231,0.013419974,20.94581787,0,4.326285217,0.790233676
5/19/2017 11:00,0,342.0080104,849.4674711,0.101614021,99485.38198,204.8768412,0.014067433,22.34441581,0,4.621402055,0.450934703
5/19/2017 12:00,0,364.6344813,849.0078145,0.101614021,99563.38649,387.26342,0.014714901,23.73789692,0,4.906518893,0.116518893
5/19/2017 13:00,0,364.6295981,843.8632286,0.620163333,99545.81937,555.2373497,0.014307232,25.09114435,0,5.491869406,-0.428831621
5/19/2017 14:00,0,364.6295981,838.7201382,0.620163333,99528.36478,712.8918588,0.013899657,26.44415811,0,6.07721992,-0.979298973
5/19/2017 15:00,0,375.120179,833.5770478,0.620163333,99511.03766,799.3157935,0.013492083,27.79740554,0,6.657687271,-1.524649486
5/19/2017 16:00,0,375.120179,652.6975198,0.970997663,99461.31469,880.806952,0.013223011,28.01205502,0,6.752570434,-1.434883162
5/19/2017 17:00,0,375.120179,471.8179917,0.970997663,99412.00424,886.3335207,0.012953844,28.22670451,0,6.847687271,-1.345116838
5/19/2017 18:00,0,375.5759488,290.9712114,0.970997663,99362.28127,815.553654,0.012684872,28.4465099,0,6.947687271,-1.260467352
5/19/2017 19:00,0,375.5759488,297.7936337,0.831785739,99386.65379,749.051526,0.012664258,28.11647083,0,6.822570434,-1.150701027
5/19/2017 20:00,0,375.5759488,304.6488038,0.831785739,99411.25379,625.5172095,0.012643749,27.791354,0,6.707453596,-1.040701027
5/19/2017 21:00,0,362.4313234,311.5039738,0.831785739,99435.62631,469.34611,0.012623035,27.46627622,0,6.592336758,-0.935817865
5/19/2017 22:00,0,362.4310897,221.3296655,0.290811684,99503.53118,318.069535,0.012574049,25.71674357,0,5.49163573,-1.121168379
5/19/2017 23:00,0,362.4310897,131.2193571,0.290811684,99571.43604,155.6660627,0.012524763,23.97205502,0,4.386051541,-1.296518893
5/20/2017 0:00,0,339.3625812,41.07630103,0.290811684,99639.35587,0,0.012475581,22.2274446,0,3.285350514,-1.481869406
5/20/2017 1:00,0,339.3674644,27.40603253,0.045567526,99761.36334,0,0.011635339,20.99018562,0,2.535116838,-2.845817865
5/20/2017 2:00,0,339.3674644,13.70301626,0.045567526,99883.18578,0,0.010795007,19.7629657,0,1.784883162,-4.214649486
5/20/2017 3:00,0,314.3709695,0,0.045567526,100005.1207,0,0.009954769,18.52578484,0,1.034649486,-5.583481107
5/20/2017 4:00,0,314.3709695,0,0.037599279,100087.3708,0,0.009538267,17.2264468,0,0.369766324,-5.243948459
5/20/2017 5:00,0,314.3758527,0,0.037599279,100169.2084,0,0.009121666,15.92714783,0,-0.295116838,-4.904415811
5/20/2017 6:00,0,296.934894,0,0.037599279,100251.3585,0,0.008705368,14.62784886,0,-0.96,-4.569766324
5/20/2017 7:00,0,296.934894,0,0.003153265,100280.6714,0,0.008311892,13.66300476,0,-1.134649486,-4.025350514
5/20/2017 8:00,0,296.9397771,0,0.003153265,100310.2968,0,0.007918124,12.68808254,0,-1.304415811,-3.470934703
5/20/2017 9:00,0,290.9971586,0,0.003153265,100339.2822,0,0.007524448,11.7181216,0,-1.479065297,-2.926518893
5/20/2017 10:00,0,290.9971586,0,0.126857938,100486.6622,61.13240536,0.007288624,12.17878356,0,-2.40836427,-3.79163573
5/20/2017 11:00,0,290.9971586,0,0.126857938,100634.0422,184.7880272,0.007053199,12.64460143,0,-3.342546404,-4.656752568
5/20/2017 12:00,0,304.6819805,0,0.126857938,100780.8822,301.9484752,0.006817475,13.10530246,0,-4.271611701,-5.521869406
5/20/2017 13:00,0,304.6819805,0,0.495327867,100812.5622,432.3858042,0.006349032,13.41740554,0,-4.177896918,-5.171869406
5/20/2017 14:00,0,304.6868637,0,0.495327867,100843.9422,554.4180418,0.00588058,13.72950862,0,-4.084182135,-4.811869406
5/20/2017 15:00,0,294.1053787,0,0.495327867,100875.6622,791.5210566,0.005412233,14.0416117,0,-3.990467352,-4.461869406
5/20/2017 16:00,0,294.1004956,0,0.726296047,100861.9846,872.0270808,0.005615096,14.86602751,0,-3.12,-3.576986244
5/20/2017 17:00,0,294.1004956,0,0.726296047,100848.107,877.5662667,0.00581796,15.69044332,0,-2.244415811,-2.702103082
5/20/2017 18:00,0,295.8772614,0,0.726296047,100834.3295,847.2192827,0.006020628,16.51997597,0,-1.368831621,-1.81721992
5/20/2017 19:00,0,295.8772614,0,0.635488316,100825.362,778.411407,0.006196506,16.81532648,0,-1.193948459,-2.042570434
5/20/2017 20:00,0,295.8772614,0,0.635488316,100816.082,650.4402954,0.006372492,17.10579384,0,-1.013948459,-2.262804109
5/20/2017 21:00,0,292.0917252,0,0.635488316,100807.342,491.7325582,0.00654837,17.40114435,0,-0.833948459,-2.483037785
5/20/2017 22:00,0,292.0917252,0,0.22510701,100836.6874,334.0958615,0.006562278,16.11649486,0,-1.304883162,-1.75885565
5/20/2017 23:00,0,292.0914916,0,0.22510701,100866.0477,164.8346324,0.006576187,14.82696221,0,-1.775817865,-1.039556678
5/21/2017 0:00,0,261.0210242,0,0.22510701,100895.3931,0,0.00658989,13.54231273,0,-2.25163573,-0.320257705
5/21/2017 1:00,0,261.0210242,0,0.000209347,100928.1432,0,0.00613342,12.49953265,0,-1.586986244,0.556494863
5/21/2017 2:00,0,261.0210242,0,0.000209347,100960.7083,0,0.005676855,11.46167479,0,-0.917453596,1.433013756
5/21/2017 3:00,0,254.6238283,0,0.000209347,100993.3858,0,0.005220384,10.42885565,0,-0.252804109,2.304649486
5/21/2017 4:00,0,254.6287115,0,-0.006525464,101010.2079,0,0.005184933,9.801441117,0,0.148597945,2.12
5/21/2017 5:00,0,254.6235946,0,-0.006525464,101027.2575,0,0.005149286,9.178870684,0,0.544883162,1.945350514
5/21/2017 6:00,0,252.0687355,0,-0.006525464,101044.3921,0,0.00511404,8.551378025,0,0.946285217,1.760701027
5/21/2017 7:00,0,252.0687355,0,-0.011174296,101044.115,0,0.005029286,8.316494863,0,0.916518893,1.025584189
5/21/2017 8:00,0,252.0687355,0,-0.011174296,101043.6255,0,0.004944642,8.081884439,0,0.881869406,0.300467352
5/21/2017 9:00,0,255.6761651,0,-0.011174296,101043.3485,0,0.004860094,7.852079053,0,0.846986244,-0.434649486
5/21/2017 10:00,0,255.6712819,0,0.069290893,101117.2434,73.50458005,0.00532869,9.171611701,0,0.276752568,-0.649766324
5/21/2017 11:00,0,255.6712819,0,0.069290893,101191.4658,218.2913265,0.005797196,10.49626119,0,-0.29836427,-0.874883162
5/21/2017 12:00,0,282.1502096,0,0.069290893,101265.6883,397.7048472,0.006265697,11.82579384,0,-0.868597945,-1.1
5/21/2017 13:00,0,282.1453265,0,0.46853433,101248.9307,568.5729215,0.006127094,13.13556016,0,-1.268831621,-0.495584189
5/21/2017 14:00,0,282.1453265,0,0.46853433,101232.4131,729.013547,0.005988291,14.45020965,0,-1.673948459,0.103714783
5/21/2017 15:00,0,310.9634156,0,0.46853433,101216.0081,736.3707632,0.005849489,15.76001503,0,-2.069065297,0.698130594
5/21/2017 16:00,0,310.9634156,0,0.667872133,101093.1631,811.2873734,0.006057922,16.17509281,0,-1.784182135,1.217429566
5/21/2017 17:00,0,310.9634156,0,0.667872133,100970.218,816.3123429,0.006266451,16.58997597,0,-1.499298973,1.731611701
5/21/2017 18:00,0,322.1834637,0,0.667872133,100847.5855,726.5704887,0.006475085,17.00509281,0,-1.219298973,2.245793836
5/21/2017 19:00,0,322.1834637,0,0.575997837,100917.4707,667.7802176,0.006594156,16.98137803,0,-0.703948459,2.936261188
5/21/2017 20:00,0,322.1834637,0,0.575997837,100987.441,558.4541012,0.006713427,16.96258547,0,-0.188597945,3.626728539
5/21/2017 21:00,0,331.3442783,0,0.575997837,101057.3262,375.5284565,0.006832703,16.93883162,0,0.326752568,4.316962215
5/21/2017 22:00,0,331.3442783,0,0.222543678,100994.626,255.7956639,0.00692385,15.55441581,0,0.166752568,3.703247432
5/21/2017 23:00,0,331.3491614,0,0.222543678,100931.6984,127.1895055,0.007015296,14.17003906,0,0.006518893,3.094415811
5/22/2017 0:00,0,300.5872439,0,0.222543678,100868.9982,1.196673516,0.007106438,12.78046735,0,-0.153481107,2.485584189
5/22/2017 1:00,0,300.5921271,0,0.018514021,100848.4758,0,0.006727803,11.55464949,0,0.272570434,2.640467352
5/22/2017 2:00,0,300.5921271,0,0.018514021,100828.0808,0,0.006348967,10.31883162,0,0.698388299,2.795584189
5/22/2017 3:00,0,320.3561543,0,0.018514021,100807.2584,0,0.005970336,9.093013756,0,1.119323002,2.950467352
5/22/2017 4:00,0,320.3561543,0,0.021195807,100728.9133,0,0.00610215,9.342546404,0,1.235374543,2.655116838
5/22/2017 5:00,0,320.3561543,0,0.021195807,100650.7808,0,0.006234069,9.591845377,0,1.351426084,2.359766324
5/22/2017 6:00,0,352.58456,0,0.021195807,100572.4208,0,0.006365788,9.841417088,0,1.467477625,2.059298973
5/22/2017 7:00,0,352.58456,0,0.02128646,100586.0483,0,0.006418478,9.840910674,0,1.516309246,1.759532648
5/22/2017 8:00,0,352.58456,0,0.02128646,100599.3483,0,0.006470964,9.83556016,0.307364402,1.565374543,1.464649486
5/22/2017 9:00,0,347.2031033,0,0.02128646,100612.6483,0,0.00652365,9.835092809,0.44514942,1.614206164,1.164883162
5/22/2017 10:00,0,347.2031033,0,0.046491134,100577.9408,13.29130726,0.006581124,9.627639213,0.784156713,0.534206164,2.06
5/22/2017 11:00,0,347.2079864,0,0.046491134,100543.4608,38.83149155,0.006638393,9.425341518,0.052969208,-0.550910674,2.950233676
5/22/2017 12:00,0,360.9821445,0,0.046491134,100508.4408,75.51747895,0.006695671,9.217848859,0.027835598,-1.636027512,3.845350514
5/22/2017 13:00,0,360.9821445,0,0.129962852,100456.4558,107.8237799,0.006891296,10.1639004,0,-1.486962215,4.279766324
5/22/2017 14:00,0,360.9772614,0,0.129962852,100404.6982,138.1435071,0.007087015,11.09995194,0,-1.327896918,4.719298973
5/22/2017 15:00,0,366.3808146,0,0.129962852,100352.5131,165.4548031,0.007282444,12.04600348,0,-1.178831621,5.158831621
5/22/2017 16:00,0,366.3759314,8.567851506,0.156639965,100282.7455,182.2380732,0.007713602,12.42763921,0,-1.053247432,5.174182135
5/22/2017 17:00,0,366.3759314,17.11932913,0.156639965,100213.5178,183.4051591,0.00814486,12.80927494,0,-0.93278008,5.194649486
5/22/2017 18:00,0,373.4193885,25.68643287,0.156639965,100143.7502,198.3285834,0.008575818,13.19091067,0.022267219,-0.817195891,5.22
5/22/2017 19:00,0.320831099,373.4193885,17.11932913,0.133688076,100105.8728,182.3332954,0.008713895,13.30137803,0.071126881,-1.221611701,5.300233676
5/22/2017 20:00,0.320831099,373.4193885,8.583477625,0.133688076,100067.9954,152.5685476,0.008851676,13.42184538,0.19507945,-1.626261188,5.380467352
5/22/2017 21:00,0.320831099,375.227471,0,0.133688076,100030.118,103.9225545,0.008989548,13.53742957,0.759731987,-2.030676998,5.455584189
5/22/2017 22:00,0.037844398,375.227471,0,0.053130138,99967.44792,70.95372986,0.008986889,13.35207905,0.415433411,-1.796494863,5.161168379
5/22/2017 23:00,0.037844398,375.227471,0,0.053130138,99904.67783,35.55448657,0.008984234,13.1667676,1.953419161,-1.552312729,4.87163573
5/23/2017 0:00,0.037844398,369.4938523,0,0.053130138,99842.33522,1.204486575,0.008981569,12.98649486,1.038135831,-1.318130594,4.582103082
5/23/2017 1:00,0,369.4938523,0,0.007546495,99835.49,0,0.009003105,12.84602751,0.441265429,-0.833247432,3.821869406
5/23/2017 2:00,0,369.4938523,0,0.007546495,99829.2973,0,0.00902494,12.70556016,0.208435201,-0.353247432,3.061869406
5/23/2017 3:00,0,364.2631687,0,0.007546495,99822.81955,0,0.009046771,12.56509281,0.049008518,0.12163573,2.306752568
5/23/2017 4:00,0.009926666,364.2631687,0,-0.000132715,99737.50703,0,0.008909955,12.40532648,0.037045906,0.386518893,1.146986244
5/23/2017 5:00,0,364.2631687,0,-0.000132715,99652.09451,0,0.008773339,12.25044332,0,0.651402055,-0.00278008
5/23/2017 6:00,0.009926666,332.5198011,0,-0.000132715,99566.68198,0,0.008636923,12.09579384,0.037659927,0.911168379,-1.157429566
5/23/2017 7:00,0,332.5198011,0,-0.011725704,99568.61451,0,0.008454933,11.91044332,0,0.380934703,-0.698597945
5/23/2017 8:00,0,332.5198011,0,-0.011725704,99570.85955,0,0.008273148,11.72024871,0,-0.149298973,-0.239532648
5/23/2017 9:00,0,303.8357632,0,-0.011725704,99572.79207,0,0.008091263,11.53997597,0,-0.674415811,0.224415811
5/23/2017 10:00,0,303.8357632,0,0.063734811,99575.11451,73.94467352,0.008712104,12.78950862,0,-0.089298973,-0.600467352
5/23/2017 11:00,0,303.83088,0,0.063734811,99577.10946,212.7043547,0.009333145,14.03415811,0,0.495584189,-1.425350514
5/23/2017 12:00,0,312.7646429,0,0.063734811,99579.01937,396.0685058,0.009954087,15.28369075,0,1.085584189,-2.245116838
5/23/2017 13:00,0,312.7597597,0,0.472195326,99573.43694,564.7846046,0.009820523,16.66834024,0,0.776051541,-2.730233676
5/23/2017 14:00,0,312.7597597,0,0.472195326,99567.75451,723.2006656,0.009687064,18.04810656,0,0.466518893,-3.210233676
5/23/2017 15:00,0,325.0155535,0,0.472195326,99562.29955,803.9614518,0.009553605,19.43275605,0,0.156986244,-3.690233676
5/23/2017 16:00,0,325.0106704,0,0.736162612,99520.83451,885.4484143,0.009436006,20.02298973,0,0.716285217,-2.795817865
5/23/2017 17:00,0,325.0106704,0,0.736162612,99479.58198,891.0767309,0.009318016,20.6083793,0,1.280701027,-1.911402055
5/23/2017 18:00,0,342.778124,0,0.736162612,99438.44442,759.8763649,0.009200217,21.19345708,0,1.84,-1.016986244
5/23/2017 19:00,0,342.778124,0,0.626064949,99425.80964,698.8913202,0.009267558,21.21974229,0,1.510467352,0.717663242
5/23/2017 20:00,0,342.778124,0,0.626064949,99413.71486,585.0878999,0.00933499,21.25094974,0,1.185817865,2.462312729
5/23/2017 21:00,0,333.8607905,0,0.626064949,99401.62009,437.1639927,0.009402226,21.27719589,0,0.861168379,4.196962215
5/23/2017 22:00,0,333.8607905,0,0.224267526,99352.45766,299.1890679,0.009526009,19.89281914,0,0.951869406,3.80278008
5/23/2017 23:00,0,333.8605569,0,0.224267526,99302.9827,150.9922075,0.009649886,18.50863701,0,1.042804109,3.403714783
5/24/2017 0:00,0,299.566818,0,0.224267526,99253.50775,4.882655616,0.009773759,17.11929897,0,1.133505137,3.009766324
5/24/2017 1:00,0,299.566818,0,-0.002106986,99244.10531,0,0.009264809,15.95887068,0,1.20885565,3.079298973
5/24/2017 2:00,0,299.5717012,0,-0.002106986,99235.14288,0,0.008755649,14.79348111,0,1.289089326,3.153948459
5/24/2017 3:00,0,306.2249486,0,-0.002106986,99226.40792,0,0.008246699,13.63813059,0,1.369323002,3.223714783
5/24/2017 4:00,0,306.2249486,0,-0.001495326,99210.04045,0,0.008126569,13.23305282,0,1.559323002,3.078130594
5/24/2017 5:00,0,306.2298318,0,-0.001495326,99194.00045,0,0.008006739,12.83789692,0,1.749089326,2.927663242
5/24/2017 6:00,0,312.374265,0,-0.001495326,99177.63297,0,0.007886814,12.43789692,0,1.943972488,2.777195891
5/24/2017 7:00,0,312.374265,0,-0.006058179,99159.28549,0,0.007838195,11.94742957,0,1.538621975,2.374415811
5/24/2017 8:00,0,312.374265,0,-0.006058179,99140.93801,0,0.007789467,11.46184538,0,1.123271461,1.971869406
5/24/2017 9:00,0,344.0077635,0,-0.006058179,99122.59054,0,0.007740948,10.97626119,0,0.717920947,1.569089326
5/24/2017 10:00,0,344.0077635,0,0.047072439,99100.97766,35.22791015,0.00797363,11.6077023,0,0.268388299,0.599323002
5/24/2017 11:00,0,344.0128804,0,0.047072439,99079.0373,99.85375532,0.008206311,12.23887068,0.055394714,-0.176027512,-0.370443322
5/24/2017 12:00,0,358.8105022,0,0.047072439,99057.09694,126.0425495,0.008439188,12.87511684,0.402952171,-0.62556016,-1.335092809
5/24/2017 13:00,0,358.805619,0,0.169866631,99075.21694,179.5818971,0.008426549,13.4409347,0.363391482,-1.505793836,-1.20556016
5/24/2017 14:00,0,358.805619,0,0.169866631,99093.05189,229.6358451,0.008414102,14.00163573,0.236484123,-2.386027512,-1.07114435
5/24/2017 15:00,0,360.1050141,0,0.169866631,99111.09937,297.8216585,0.008401563,14.5674536,0,-3.261378025,-0.936728539
5/24/2017 16:00,0,360.1001309,0,0.281022473,99110.54216,327.9152399,0.008551278,15.26721992,0,-3.391845377,-1.127663242
5/24/2017 17:00,0,360.1001309,0,0.281022473,99110.19748,330.0556638,0.008701098,15.96698624,0,-3.527429566,-1.318831621
5/24/2017 18:00,0,358.0053439,0,0.281022473,99109.54027,510.1004368,0.008850617,16.66675257,0,-3.657896918,-1.504883162
5/24/2017 19:00,0,358.0053439,0,0.393954947,99165.84775,469.3287991,0.008944278,17.10163573,0,-3.553013756,-0.680233676
5/24/2017 20:00,0,358.0004607,0,0.393954947,99221.72775,393.0996463,0.009037744,17.52651889,0,-3.453247432,0.154413369
5/24/2017 21:00,0,343.4685913,0,0.393954947,99277.93522,399.8683371,0.0091312,17.96140205,0,-3.34836427,0.979065297
5/24/2017 22:00,0,343.4683577,0,0.186265429,99281.28531,274.2959552,0.009118451,16.94046735,0,-3.024182135,1.029298973
5/24/2017 23:00,0,343.4683577,0,0.186265429,99284.86288,139.4019642,0.009105693,15.92441581,0,-2.71,1.069532648
5/25/2017 0:00,0,306.6161104,0,0.186265429,99288.22792,5.961423925,0.00909294,14.90348111,0,-2.390934703,1.119763883
5/25/2017 1:00,0,306.6209936,0,-0.004776873,99350.47766,0,0.008585416,13.76371478,0,-2.601402055,1.009298973
5/25/2017 2:00,0,306.6209936,0,-0.004776873,99412.95486,0,0.008078196,12.62394846,0,-2.811869406,0.893714783
5/25/2017 3:00,0,294.3072133,0,-0.004776873,99474.69207,0,0.007570877,11.48418213,0,-3.02721992,0.78324499
5/25/2017 4:00,0,294.3072133,0,-0.015351168,99415.98424,0,0.007493621,11.04301376,0,-3.256285217,0.134182135
5/25/2017 5:00,0,294.3020965,0,-0.015351168,99355.9964,0,0.007416366,10.59696221,0,-3.490233676,-0.519766324
5/25/2017 6:00,0,318.9125746,0,-0.015351168,99297.18857,0,0.007339111,10.15091067,0,-3.724182135,-1.168831621
5/25/2017 7:00,0,318.9125746,0,0.000243918,99312.08892,0,0.007396555,10.22532648,0,-4.259532648,-0.994649486
5/25/2017 8:00,0,318.9125746,0,0.000243918,99327.21676,0,0.007454099,10.29974229,0,-4.794883162,-0.820467352
5/25/2017 9:00,0,348.7468355,0,0.000243918,99342.4446,0,0.007511538,10.37419717,0,-5.330233676,-0.636285217
5/25/2017 10:00,0,348.7468355,0,0.050009107,99300.36946,26.29620616,0.007684078,10.76462546,0,-5.589766324,-1.080934703
5/25/2017 11:00,0,348.7468355,0,0.050009107,99258.62181,73.58216904,0.007856914,11.16513187,0.0521088,-5.849298973,-1.520701027
5/25/2017 12:00,0,371.5728456,0,0.050009107,99216.87415,92.53065562,0.008029349,11.55556016,0.365472025,-6.108831621,-1.965350514
5/25/2017 13:00,0,371.5679624,0,0.124109347,99178.6364,131.6477415,0.008291444,12.09532648,1.030281107,-6.614182135,-2.141402055
5/25/2017 14:00,0,371.5679624,0,0.124109347,99140.62613,168.3751819,0.008553743,12.63509281,0.359687007,-7.119298973,-2.307453596
5/25/2017 15:00,0,377.4542716,0,0.124109347,99102.92839,193.6136944,0.008815737,13.1748982,0,-7.619532648,-2.483505137
5/25/2017 16:00,0.017202337,377.4542716,0,0.17335252,99023.35622,213.2215496,0.008808781,13.18742957,0.194188731,-7.794649486,-2.433505137
5/25/2017 17:00,0.017202337,377.4591548,0,0.17335252,98944.11154,214.5710093,0.008801616,13.19980539,0.391155884,-7.969766324,-2.388621975
5/25/2017 18:00,0.017202337,378.1858419,0,0.17335252,98864.32685,318.2483449,0.008794856,13.21210308,0.031110374,-8.144883162,-2.33885565
5/25/2017 19:00,0,378.1858419,25.37778193,0.230106944,98822.37172,292.8851391,0.009084537,13.68933804,0.832578422,-8.095116838,-2.253738812
5/25/2017 20:00,0,378.1858419,50.75705938,0.230106944,98780.20406,245.6130011,0.009374413,14.16626119,0.712568511,-8.045116838,-2.163738812
5/25/2017 21:00,0,375.2773094,76.1348413,0.230106944,98737.92145,240.7551704,0.009664289,14.64349614,0.044209479,-7.995350514,-2.068621975
5/25/2017 22:00,0.339877353,375.2773094,102.0204442,0.117088076,98719.64442,165.5821131,0.009463734,14.14717186,0.061014021,-7.530701027,-1.363738812
5/25/2017 23:00,0.339877353,375.2770757,127.8420472,0.117088076,98700.82739,84.72074348,0.009262779,13.64600348,0.237256082,-7.060934703,-0.65885565
5/26/2017 0:00,0.339877353,360.125392,153.7276501,0.117088076,98682.23783,4.224747762,0.009062019,13.14460143,0.116015811,-6.591402055,0.045793836
5/26/2017 1:00,0.511683789,360.1202751,115.3340935,0.015567766,98613.77504,0,0.008903257,12.60901724,0.031110374,-6.195584189,-0.258388299
5/26/2017 2:00,0,360.1202751,76.90778924,0.015567766,98545.63973,0,0.008744691,12.06831621,0,-5.804883162,-0.562804109
5/26/2017 3:00,1,350.6725572,38.5142327,0.015567766,98477.30442,0,0.008585824,11.52765425,0.236732384,-5.409065297,-0.86721992
5/26/2017 4:00,0.358800589,350.6725572,39.4742327,0.006309347,98393.17189,0,0.008585323,11.57761518,4.725273021,-4.700701027,-0.778388299
5/26/2017 5:00,0.358800589,350.6725572,40.40148494,0.006309347,98309.35189,0,0.008584725,11.62761518,5.880006575,-3.992336758,-0.699556678
5/26/2017 6:00,0.358800589,351.3872307,41.36148494,0.006309347,98225.75937,0,0.008584128,11.67249835,1.718680508,-3.283972488,-0.610725057
5/26/2017 7:00,0.428678356,351.3872307,34.76664768,0.008323368,98182.95937,0,0.008433204,11.35203099,0.779656514,-3.298388299,-0.659790353
5/26/2017 8:00,0.428678356,351.3872307,28.20455818,0.008323368,98139.73189,0,0.008281884,11.03179732,6.161505206,-3.307920947,-0.70885565
5/26/2017 9:00,0.428678356,349.1556845,21.60972091,0.008323368,98097.04442,0,0.008130865,10.71132997,3.966807258,-3.322336758,-0.757920947
5/26/2017 10:00,0.089937803,349.1556845,14.40747762,0.039225464,98122.01189,32.47727975,0.008188742,11.23086262,1.123586808,-1.503037785,-0.762103082
5/26/2017 11:00,0.089937803,349.1556845,7.203738812,0.039225464,98146.97937,89.76399735,0.00824652,11.75062894,0.592613059,0.321378025,-0.761402055
5/26/2017 12:00,0.089937803,367.5180759,0,0.039225464,98171.94685,121.6866198,0.008304202,12.27527843,0.262899237,2.150676998,-0.770701027
5/26/2017 13:00,0,367.5180759,0,0.142509107,98206.81694,172.9393702,0.008497413,12.62179732,0.107079185,2.91556016,-1.130934703
5/26/2017 14:00,0,367.5131928,0,0.142509107,98241.79955,221.0704418,0.008690324,12.96343305,0.058185367,3.68556016,-1.486285217
5/26/2017 15:00,0,370.4793885,0,0.142509107,98276.55469,230.7001094,0.008883541,13.29995194,0.254029267,4.450443322,-1.846518893
5/26/2017 16:00,0,370.4793885,1.802314888,0.196257217,98327.95955,254.0387776,0.009034165,13.66018562,0,5.071611701,-1.965817865
5/26/2017 17:00,0,370.4793885,3.604629775,0.196257217,98379.36442,255.6672284,0.009184689,14.01530246,0,5.687663242,-2.085350514
5/26/2017 18:00,0,373.7365363,5.438196901,0.196257217,98430.76928,262.4210972,0.009335213,14.37553613,0.0069589,6.308597945,-2.204649486
5/26/2017 19:00,0,373.7365363,11.14466558,0.188228696,98552.25973,241.6087555,0.009485538,14.67018562,0.003377113,5.994649486,-1.860233676
5/26/2017 20:00,0,373.7365363,16.91662978,0.188228696,98673.01018,202.6844316,0.009636067,14.9748351,0.009405635,5.680467352,-1.515584189
5/26/2017 21:00,0,375.4465123,22.75109845,0.188228696,98794.50063,122.8927608,0.009786496,15.26948459,0.00409347,5.361402055,-1.171168379
5/26/2017 22:00,0,375.4465123,16.09509845,0.065678248,98814.87801,84.71924632,0.0097051,15.07971827,0,4.618154623,-1.185817865
5/26/2017 23:00,0,375.4465123,9.31109845,0.065678248,98835.3554,43.6292211,0.009623803,14.88995194,0,3.880024029,-1.195584189
5/27/2017 0:00,0,363.4545534,2.65509845,0.065678248,98855.73279,1.830691416,0.009542507,14.69506878,0,3.136776598,-1.205350514
5/27/2017 1:00,0,363.4594365,1.833567125,0.024446495,98938.11297,0,0.009241678,14.26530246,0.001023368,3.265374543,-1.654649486
5/27/2017 2:00,0,363.4594365,0.8840358,0.024446495,99020.72063,0,0.008940849,13.83553613,0,3.389089326,-2.099065297
5/27/2017 3:00,0,353.6725158,0,0.024446495,99102.91576,0,0.008640225,13.41065297,0,3.517687271,-2.543481107
5/27/2017 4:00,0,353.6725158,0,0.015588076,99148.43036,0,0.008510546,13.00112032,0,3.382804109,-2.349065297
5/27/2017 5:00,0,353.6725158,0,0.015588076,99193.85991,0,0.008380763,12.59158767,0,3.243037785,-2.144649486
5/27/2017 6:00,0,336.516794,0,0.015588076,99239.37451,0,0.008251185,12.18205502,0,3.113271461,-1.940233676
5/27/2017 7:00,0,336.516794,0,0.002009107,99218.85748,0,0.008116899,11.85205502,0,2.812570434,-2.080467352
5/27/2017 8:00,0,336.516794,0,0.002009107,99198.24045,0,0.007982617,11.51717186,0,2.511869406,-2.225817865
5/27/2017 9:00,0,332.1055776,0,0.002009107,99177.41089,0,0.007848336,11.18717186,0,2.211402055,-2.370934703
5/27/2017 10:00,0,332.1055776,0,0.075583402,99264.8954,53.78190521,0.00796837,12.03717186,0,2.291168379,-2.820701027
5/27/2017 11:00,0,332.1006944,0,0.075583402,99352.05243,146.9534902,0.008088503,12.8822887,0,2.380934703,-3.265350514
5/27/2017 12:00,0,336.1835946,0,0.075583402,99438.99694,315.8603712,0.008208442,13.7322887,0,2.460701027,-3.715116838
5/27/2017 13:00,0,336.1835946,0.842468675,0.408083162,99443.30234,448.4413086,0.00819727,14.66302879,0,2.175350514,-3.660467352
5/27/2017 14:00,0,336.1835946,1.6879284,0.408083162,99447.72027,573.0203991,0.008185693,15.58884665,0,1.89,-3.615817865
5/27/2017 15:00,0,355.9428936,2.530397075,0.408083162,99451.72567,649.1959278,0.008174521,16.51950862,0,1.599532648,-3.571168379
5/27/2017 16:00,0,355.9428936,8.85891945,0.582653,99491.75522,714.7707508,0.008438246,17.18485913,0,1.328831621,-2.971402055
5/27/2017 17:00,0,355.9428936,15.2499463,0.582653,99531.69973,719.4419162,0.008701772,17.85509281,0,1.058130594,-2.366752568
5/27/2017 18:00,0,382.7790172,21.57846867,0.582653,99571.64424,589.7544044,0.008965602,18.52020965,0,0.782312729,-1.772103082
5/27/2017 19:00,0,382.7790172,29.14243287,0.459234811,99542.55207,543.1739205,0.009185116,18.55626119,0,0.697429566,-0.766518893
5/27/2017 20:00,0,382.7790172,36.64090155,0.459234811,99513.45991,455.8280547,0.00940493,18.59742957,0,0.607429566,0.244182135
5/27/2017 21:00,0,380.2836908,44.20486575,0.459234811,99484.69522,339.7728389,0.009624539,18.63836427,0,0.512546404,1.249766324
5/27/2017 22:00,0,380.2836908,30.89286575,0.182774536,99511.22027,234.6356082,0.009816901,17.9090653,0,0.053481107,1.445116838
5/27/2017 23:00,0,380.2885739,17.45286575,0.182774536,99538.05783,121.6047299,0.010009153,17.17464949,0,-0.405584189,1.645350514
5/28/2017 0:00,0,366.5931099,4.14086575,0.182774536,99564.58288,5.458617169,0.010201606,16.45023368,0,-0.869766324,1.840701027
5/28/2017 1:00,0,366.5931099,3.6258747,0.01849299,99592.31576,0,0.009848357,15.62046735,0,-0.698597945,2.090701027
5/28/2017 2:00,0,366.597993,3.11088365,0.01849299,99619.74864,0,0.009495404,14.79558419,0,-0.522546404,2.340701027
5/28/2017 3:00,0,361.9085739,2.530397075,0.01849299,99647.849,0,0.009142255,13.96585693,0,-0.351611701,2.595817865
5/28/2017 4:00,0,361.9085739,1.6879284,0.012288316,99626.20116,0,0.009035799,13.61,0,-0.211378025,2.365350514
5/28/2017 5:00,0,361.9134571,0.842468675,0.012288316,99604.76585,0,0.008929543,13.25441581,0,-0.066261188,2.13
5/28/2017 6:00,0,356.4384778,0,0.012288316,99583.34549,0,0.008823087,12.89883162,0,0.073738812,1.904649486
5/28/2017 7:00,0,356.4384778,0.842468675,0.006746495,99601.95801,0,0.0087648,12.73348111,0,0.269323002,1.835350514
5/28/2017 8:00,0,356.4384778,1.6879284,0.006746495,99620.67054,0,0.008706513,12.56324743,0,0.469790353,1.761168379
5/28/2017 9:00,0,359.6210482,2.530397075,0.006746495,99639.29801,0,0.008648426,12.39789692,0,0.670257705,1.691869406
5/28/2017 10:00,0,359.6161651,1.719180637,0.070476873,99679.85801,53.3363215,0.008872725,13.28301376,0,0.380257705,1.34163573
5/28/2017 11:00,0,359.6161651,0.8439642,0.070476873,99720.84549,144.18599,0.009097524,14.17301376,0,0.095140867,0.991168379
5/28/2017 12:00,0,363.6066979,0,0.070476873,99762.04549,295.9513119,0.009321923,15.05813059,0,-0.189742295,0.635817865
5/28/2017 13:00,0,363.6066979,0.8439642,0.369628762,99754.51576,419.816334,0.009557421,16.2990653,0,-0.615326484,1.409766324
5/28/2017 14:00,0,363.6018147,1.719180637,0.369628762,99747.32603,536.1086874,0.009792815,17.54,0,-1.036027512,2.188831621
5/28/2017 15:00,0,354.543564,2.530397075,0.369628762,99739.8363,696.2064152,0.010028113,18.77605154,0,-1.456728539,2.967663242
5/28/2017 16:00,0,354.543564,1.6879284,0.659448417,99765.66846,766.4185342,0.010062538,18.91233676,0,-1.391845377,3.82836427
5/28/2017 17:00,0,354.543564,0.842468675,0.659448417,99791.31558,771.5579903,0.010096868,19.05866104,0,-1.327195891,4.699065297
5/28/2017 18:00,0,357.1955121,0,0.659448417,99817.37522,655.5118629,0.010131094,19.20002403,0,-1.257429566,5.559766324
5/28/2017 19:00,0,357.1955121,0,0.52691354,99803.88549,603.9339334,0.009917255,18.65420616,0,-2.047195891,5.350701027
5/28/2017 20:00,0,357.1955121,0,0.52691354,99790.08324,507.1602125,0.009703517,18.11327146,0,-2.831845377,5.14163573
5/28/2017 21:00,0,336.3503779,0,0.52691354,99776.49351,424.1832672,0.009489774,17.56233676,0,-3.616494863,4.937687271
5/28/2017 22:00,0,336.3501442,0,0.22712055,99787.15855,293.6174084,0.009099209,16.26186941,0,-3.801611701,4.232336758
5/28/2017 23:00,0,336.3501442,0,0.22712055,99797.49612,153.0873348,0.008708545,14.95651889,0,-3.991845377,3.532103082
5/29/2017 0:00,0,322.3049312,0,0.22712055,99808.47368,10.90343918,0.008317776,13.65605154,0,-4.182079053,2.831869406
5/29/2017 1:00,0,322.3098144,0,0.010516357,99809.43351,0,0.008081325,12.78441581,0,-3.886261188,2.491168379
5/29/2017 2:00,0,322.3098144,0,0.010516357,99810.4208,0,0.00784487,11.9077023,0,-3.590676998,2.145584189
5/29/2017 3:00,0,324.5306331,0,0.010516357,99811.62063,0,0.00760831,11.03091067,0,-3.289975971,1.8
5/29/2017 4:00,0,324.5306331,0,0.008190413,99785.48531,0,0.007561233,10.82462546,0,-3.510443322,1.315116838
5/29/2017 5:00,0,324.5306331,0,0.008190413,99759.67748,0,0.007513952,10.61834024,0,-3.730910674,0.835350514
5/29/2017 6:00,0,340.6469009,0,0.008190413,99733.86964,0,0.007466666,10.42205502,0,-3.946494863,0.350467352
5/29/2017 7:00,0,340.6469009,0,0.010962612,99716.46703,0,0.007500143,10.41252238,0,-3.761611701,0.581168379
5/29/2017 8:00,0,340.6469009,0,0.010962612,99699.06442,0,0.007533712,10.41302879,0,-3.566728539,0.816752568
5/29/2017 9:00,0,356.2544332,0,0.010962612,99681.98928,0,0.007566885,10.41349614,0,-3.376728539,1.047453596
5/29/2017 10:00,0,356.2544332,0,0.053070103,99728.88928,28.1887557,0.007670828,10.76415811,0,-4.012079053,0.842103082
5/29/2017 11:00,0,356.2544332,0,0.053070103,99776.01676,75.44112359,0.007774675,11.12485913,0,-4.642312729,0.631869406
5/29/2017 12:00,0,362.3238938,0,0.053070103,99823.45676,120.7755757,0.007878414,11.47556016,0.389285948,-5.277663242,0.426518893
5/29/2017 13:00,0,362.3238938,0,0.157014741,99830.59469,171.1962508,0.007938196,11.67579384,0.265032882,-5.872546404,0.426518893
5/29/2017 14:00,0,362.3238938,0,0.157014741,99837.74513,218.4685084,0.007997874,11.87118341,0.038479317,-6.457429566,0.421402055
5/29/2017 15:00,0,365.1629176,0,0.157014741,99844.69558,202.244633,0.008057446,12.07137803,0,-7.047195891,0.411402055
5/29/2017 16:00,0,365.1629176,0,0.171532955,99894.55522,222.6275204,0.008130011,12.20207905,0,-6.507896918,0.150934703
5/29/2017 17:00,0,365.1629176,0,0.171532955,99944.72739,224.1445972,0.00820248,12.33278008,0.273555884,-5.973481107,-0.109532648
5/29/2017 18:00,0,366.4961891,0,0.171532955,99994.38703,196.9003861,0.008275049,12.46348111,0.073352304,-5.434182135,-0.38
5/29/2017 19:00,0,366.4961891,0,0.138551649,100024.8749,181.493413,0.008310075,12.61813059,0,-4.439532648,-0.345350514
5/29/2017 20:00,0,366.4961891,0,0.138551649,100055.0352,152.4399121,0.0083454,12.78278008,0.820368546,-3.44,-0.305817865
5/29/2017 21:00,0,364.7845293,0,0.138551649,100085.7356,128.2738873,0.008380725,12.93742957,0.473926881,-2.445350514,-0.271168379
5/29/2017 22:00,0,364.7894125,0,0.054734811,100092.1856,88.94504475,0.008410436,12.74207905,0.025788863,-1.955817865,-0.291168379
5/29/2017 23:00,0,364.7894125,0,0.054734811,100098.5256,46.64845708,0.008440152,12.54672854,0,-1.461168379,-0.301168379
5/30/2017 0:00,0,361.2791548,0,0.054734811,100104.6281,4.958169041,0.008470168,12.3516117,0,-0.97163573,-0.321168379
5/30/2017 1:00,0,361.2791548,0,0.010546495,100170.4406,0,0.008322777,11.90114435,0,-1.156051541,-0.260934703
5/30/2017 2:00,0,361.2791548,0,0.010546495,100235.6257,0,0.008175387,11.450677,0,-1.335584189,-0.200701027
5/30/2017 3:00,0,342.8426119,0,0.010546495,100301.2657,0,0.008028001,11.00532648,0,-1.52,-0.140467352
5/30/2017 4:00,0,342.847495,0,0.001139485,100296.1907,0,0.007748861,10.49974229,0,-1.510233676,-0.635584189
5/30/2017 5:00,0,342.847495,0,0.001139485,100291.3432,0,0.007469522,9.994158106,0,-1.500233676,-1.130701027
5/30/2017 6:00,0,299.8216838,0,0.001139485,100286.4958,0,0.007190288,9.488573916,0,-1.495350514,-1.625817865
5/30/2017 7:00,0,299.8216838,0,-0.014639485,100321.3608,0,0.006962759,9.033963492,0,-1.750467352,-0.515817865
5/30/2017 8:00,0,299.8216838,0,-0.014639485,100356.1408,0,0.006735525,8.589314006,0,-2.005584189,0.594182135
5/30/2017 9:00,0,309.1067526,0,-0.014639485,100391.0058,0,0.006508301,8.139508619,0,-2.265817865,1.703948459
5/30/2017 10:00,0,309.1069862,0,0.065725224,100447.0883,68.97201825,0.006979217,9.433457078,0,-2.400467352,1.493948459
5/30/2017 11:00,0,309.1021031,0,0.065725224,100503.5832,182.986533,0.007450234,10.72252238,0,-2.54,1.288831621
5/30/2017 12:00,0,335.9293056,0,0.065725224,100559.6657,325.8044217,0.007921056,12.00647083,0,-2.684649486,1.083714783
5/30/2017 13:00,0,335.9295393,0,0.336238764,100512.4181,461.3206481,0.008317897,13.18279511,0,-1.949065297,1.204182135
5/30/2017 14:00,0,335.9246561,0,0.336238764,100465.4905,588.8663362,0.008715138,14.36415811,0,-1.20836427,1.319532648
5/30/2017 15:00,0,340.9601922,0,0.336238764,100418.0455,780.9354154,0.009111975,15.54532648,0,-0.47278008,1.439766324
5/30/2017 16:00,0,340.9604259,0.8439642,0.63911378,100413.6531,859.7177876,0.009618166,16.67235179,0,-0.923714783,2.449298973
5/30/2017 17:00,0,340.9555427,1.719180637,0.63911378,100408.7281,865.5343,0.010123958,17.80441581,0,-1.369766324,3.448831621
5/30/2017 18:00,0,352.4344224,2.563144837,0.63911378,100404.2257,635.5184877,0.010629845,18.93651889,0,-1.820701027,4.45836427
5/30/2017 19:00,0,352.4344224,3.438361275,0.453256977,100434.9959,585.9086173,0.010554894,18.46210308,0,-1.279766324,4.839298973
5/30/2017 20:00,0,352.4344224,4.282325474,0.453256977,100465.8662,492.6235752,0.010479838,17.98768727,0,-0.743948459,5.215350514
5/30/2017 21:00,0,353.4887247,5.126289674,0.453256977,100496.964,272.0559613,0.010404886,17.5183883,0,-0.207896918,5.596285217
5/30/2017 22:00,0,353.4887247,3.438361275,0.131802096,100406.9212,189.0903932,0.010014759,16.33331052,0,-0.752546404,5.131168379
5/30/2017 23:00,0,353.4936079,1.719180637,0.131802096,100316.5658,99.7144296,0.009624432,15.15327146,0,-1.297195891,4.666285217
5/31/2017 0:00,0,339.9274909,0,0.131802096,100226.7605,7.297907853,0.00923391,13.9683883,0,-1.836962215,4.201168379
5/31/2017 1:00,0,339.932374,1.052261188,0.003807226,100234.9609,0,0.009018583,13.2774536,0,-1.961611701,4.136518893
5/31/2017 2:00,0,339.932374,2.071774613,0.003807226,100243.1638,0,0.008803452,12.59140205,0,-2.086261188,4.066986244
5/31/2017 3:00,0,345.0495567,3.1240358,0.003807226,100251.6041,0,0.008587926,11.90050641,0,-2.210910674,3.99721992
5/31/2017 4:00,0,345.0495567,8.727774613,0.007914021,100246.0662,0,0.008515491,11.83418213,0,-1.550676998,3.697453596
5/31/2017 5:00,0,345.0495567,14.36426119,0.007914021,100240.2158,0,0.00844296,11.77281914,0,-0.89556016,3.392804109
5/31/2017 6:00,0,344.593361,20.032,0.007914021,100234.7878,0,0.008370829,11.70649486,0,-0.240209647,3.093037785
5/31/2017 7:00,0,344.593361,25.63573881,-0.00319299,100160.8079,0,0.008396308,11.68137803,0,0.049790353,2.797453596
5/31/2017 8:00,0.56694202,344.593361,31.27222539,-0.00319299,100086.5105,0,0.008421688,11.66137803,0.000204674,0.339790353,2.501869406
5/31/2017 9:00,0.322002608,339.9562065,36.8759642,-0.00319299,100012.3281,0,0.008447167,11.63626119,0.017294912,0.629556678,2.211168379
5/31/2017 10:00,0,339.9513234,56.45248657,0.077641821,100046.7431,68.62024461,0.008928918,12.89091067,0,0.439089326,2.401168379
5/31/2017 11:00,0.878629309,339.9513234,75.99775671,0.077641821,100080.9455,180.5033484,0.009410168,14.14044332,0.049821578,0.248621975,2.596285217
5/31/2017 12:00,0.878629309,365.7320244,95.57427909,0.077641821,100114.8204,255.3104315,0.009891623,15.39020965,0.022438349,0.057920947,2.791168379
5/31/2017 13:00,0,365.7371412,112.1314524,0.286357524,100066.4428,361.3108713,0.010362621,16.27278008,0,0.052570434,3.010934703
5/31/2017 14:00,0,365.7371412,128.6246257,0.286357524,100017.8451,460.8004195,0.010833534,17.16046735,0,0.052336758,3.225817865
5/31/2017 15:00,0,377.3313954,145.1817991,0.286357524,99969.47,457.9205956,0.011304642,18.03815462,0,0.046986244,3.450701027
5/31/2017 16:00,0.937001616,377.3313954,126.1866436,0.400149793,99937.60757,504.0980679,0.011345168,18.45116838,0.029564534,0.011869406,3.630467352
5/31/2017 17:00,0.476275271,377.3265123,107.160236,0.400149793,99905.74513,507.5693997,0.011385895,18.8590653,0.022923434,-0.013247432,3.815350514
5/31/2017 18:00,0,376.9655602,88.16657608,0.400149793,99874.09522,508.1674031,0.011426532,19.27207905,0,-0.04836427,3.995116838
5/31/2017 19:00,0,376.9655602,245.5777421,0.386553265,99881.21522,468.6540435,0.011675405,19.53696221,0,0.231168379,4.134883162
5/31/2017 20:00,0,376.9655602,402.9576559,0.386553265,99888.33522,394.234904,0.011924274,19.81184538,0,0.505817865,4.274649486
5/31/2017 21:00,0,371.6260582,560.3048219,0.386553265,99895.6827,351.1602894,0.012173244,20.08188444,0,0.780467352,4.409532648
5/31/2017 22:00,0,371.6258245,463.2156339,0.164721031,99820.84775,244.5039414,0.012058841,19.28301376,0,0.555584189,4.154415811
5/31/2017 23:00,0.511683789,371.6258245,366.0951937,0.164721031,99746.55279,129.6392927,0.011944238,18.48441581,0.001228041,0.340701027,3.904415811
6/1/2017 0:00,0,327.0779408,268.9747535,0.164721031,99671.71783,7.286691416,0.011830045,17.68070103,0,0.115817865,3.649298973
6/1/2017 1:00,1,327.082824,316.1363101,-0.024162372,99704.93036,0,0.011239969,16.6109347,0.404706578,0.701402055,3.129298973
6/1/2017 2:00,1,327.0877071,363.2978666,-0.024162372,99737.92792,0,0.010649703,15.54116838,2.599329465,1.286986244,2.619298973
6/1/2017 3:00,1,316.5134505,410.4594232,-0.024162372,99770.74045,0,0.010059541,14.46651889,0.029630925,1.872570434,2.104415811
6/1/2017 4:00,1,316.5134505,449.8413523,-0.034055842,99730.54045,0,0.010006598,14.35371478,0.03635711,1.907920947,2.039532648
6/1/2017 5:00,1,316.5134505,489.2232815,-0.034055842,99690.02792,0,0.00995385,14.23579384,2.025460129,1.933271461,1.979532648
6/1/2017 6:00,1,326.8064095,528.5739584,-0.034055842,99649.50045,0,0.009900707,14.12298973,0.459648692,1.963505137,1.914415811
6/1/2017 7:00,1,326.8064095,448.770445,-0.025697904,99647.84045,0,0.009672532,13.78857392,0.288768546,1.95885565,1.834415811
6/1/2017 8:00,1,326.8064095,368.9669316,-0.025697904,99646.39297,0,0.009444353,13.45415811,0.460060359,1.953972488,1.759298973
6/1/2017 9:00,0,319.8022514,289.1634181,-0.025697904,99645.04549,0,0.009216278,13.11974229,0,1.954206164,1.679298973
6/1/2017 10:00,0.488316211,319.7973683,264.1327095,0.066439725,99648.20792,74.30521344,0.009911435,14.43048238,0,2.033271461,1.599532648
6/1/2017 11:00,0,319.7973683,239.1347485,0.066439725,99651.37036,193.9409532,0.010606297,15.74114435,0,2.112570434,1.514649486
6/1/2017 12:00,0,335.6770757,214.1055354,0.066439725,99654.53279,387.0933112,0.011301459,17.05184538,0,2.196752568,1.434883162
6/1/2017 13:00,0,335.6721926,425.9215646,0.498335772,99660.16775,547.394228,0.011293432,18.6116117,0,2.976285217,1.79
6/1/2017 14:00,0,335.6673094,637.7390894,0.498335772,99665.5027,681.3615313,0.011285315,20.16649486,0,3.760701027,2.155116838
6/1/2017 15:00,0,343.8049727,849.5566142,0.498335772,99671.06513,722.3876438,0.011277393,21.72137803,0,4.540233676,2.515350514
6/1/2017 16:00,0,343.8098558,668.3240308,0.766910723,99644.5773,788.5393283,0.010747952,21.79001503,0,5.155817865,2.010467352
6/1/2017 17:00,0.372198788,343.8098558,487.0914474,0.766910723,99617.77694,804.9766395,0.010218416,21.86861298,0.004298144,5.776285217,1.515584189
6/1/2017 18:00,0.860514999,358.8210308,305.8276118,0.766910723,99590.97658,696.2727326,0.009688975,21.9422887,0.175035598,6.391869406,1.015817865
6/1/2017 19:00,0.934419133,358.8210308,278.3557761,0.664159314,99585.73955,622.2622003,0.009619952,21.85205502,0.140543521,6.066752568,0.745350514
6/1/2017 20:00,0.934419133,358.8210308,250.8511928,0.664159314,99580.50252,515.2694336,0.009551035,21.76697725,0.317586014,5.741402055,0.464883162
6/1/2017 21:00,0.422735344,340.8590106,223.3481049,0.664159314,99575.28045,415.1050563,0.009481817,21.67670451,0.05664468,5.416285217,0.194415811
6/1/2017 22:00,0,340.8638938,177.4188453,0.268016598,99566.45801,277.5873845,0.009417643,20.19670451,0,4.826051541,-0.155350514
6/1/2017 23:00,0,340.8638938,131.4910813,0.268016598,99557.9481,147.954296,0.009353169,18.71158767,0,4.236051541,-0.504883162
6/2/2017 0:00,0,309.3344398,85.56182177,0.268016598,99549.45315,7.932673516,0.009288995,17.23158767,0,3.650934703,-0.859532648
6/2/2017 1:00,0,309.3344398,62.17103089,0.016130618,99549.98027,0,0.008722506,16.08623716,0,3.586285217,-1.174182135
6/2/2017 2:00,0,309.3342062,38.78024001,0.016130618,99550.73486,0,0.008155916,14.94112032,0,3.516518893,-1.488831621
6/2/2017 3:00,0,289.9784952,15.4221969,0.016130618,99551.28946,0,0.007589222,13.79088664,0,3.451869406,-1.803481107
6/2/2017 4:00,0,289.9833784,10.26062978,0.00429299,99568.27451,0,0.007288425,13.03600348,0,3.12721992,-2.10836427
6/2/2017 5:00,0,289.9833784,5.130314888,0.00429299,99585.25955,0,0.006987928,12.28112032,0,2.802336758,-2.408130594
6/2/2017 6:00,0,283.1366739,0,0.00429299,99602.47207,0,0.006687326,11.53112032,0,2.477687271,-2.707896918
6/2/2017 7:00,0,283.1366739,0,-0.001667526,99629.80495,0,0.006483576,11.12088664,0,2.603271461,-2.237896918
6/2/2017 8:00,0,283.141557,0,-0.001667526,99657.13783,0,0.006279631,10.71576981,0,2.72885565,-1.767663242
6/2/2017 9:00,0,280.4278663,0,-0.001667526,99684.37071,0,0.006076087,10.30557519,0,2.859556678,-1.297663242
6/2/2017 10:00,0,280.4229831,0,0.106204674,99729.23594,84.66117931,0.006795721,12.08534152,0,2.71885565,-0.35836427
6/2/2017 11:00,0,280.4180999,0,0.106204674,99774.08621,219.434881,0.007515456,13.86530246,0,2.573037785,0.576051541
6/2/2017 12:00,0,292.3293404,0,0.106204674,99819.16395,400.3322088,0.008235095,15.65018562,0,2.43721992,1.520467352
6/2/2017 13:00,0,292.3293404,0.8439642,0.577625224,99787.23855,565.7683407,0.007860817,16.76115938,0,3.316986244,1.634182135
6/2/2017 14:00,0,292.3293404,1.719180637,0.577625224,99755.65315,704.0320832,0.007486433,17.87721092,0,4.19163573,1.757896918
6/2/2017 15:00,0,309.9173815,2.563144837,0.577625224,99723.96775,822.9059205,0.007112046,18.98810656,0,5.066285217,1.871611701
6/2/2017 16:00,0,309.9173815,83.33712694,0.890985259,99637.45558,898.1799904,0.007394019,19.34349614,0,5.481402055,2.336962215
6/2/2017 17:00,0,309.9173815,164.1438568,0.890985259,99550.73089,917.0403312,0.007676288,19.68880759,0,5.891402055,2.802079053
6/2/2017 18:00,0,353.537137,244.9178389,0.890985259,99463.90621,612.2881977,0.007958362,20.04415811,0.00390653,6.306518893,3.267429566
6/2/2017 19:00,0.907171088,353.537137,368.8959577,0.604568877,99484.63054,547.3758138,0.008227418,19.85513187,0.068964402,5.951402055,3.117663242
6/2/2017 20:00,0.907171088,353.537137,492.8725809,0.604568877,99506.09486,453.4995042,0.008496683,19.66602751,0.359410872,5.601168379,2.96278008
6/2/2017 21:00,0.907171088,356.1477353,616.8506996,0.604568877,99527.13172,303.3051015,0.008765944,19.48184538,0.396132251,5.251168379,2.813013756
6/2/2017 22:00,0.8421,356.1426185,497.135995,0.212042062,99545.43676,203.1113338,0.008758724,18.53579384,0.112063242,4.860233676,1.308831621
6/2/2017 23:00,0,356.1475017,377.4212903,0.212042062,99564.06928,108.7855734,0.008751709,17.59485913,0,4.474415811,-0.195350514
6/3/2017 0:00,0,311.9940968,257.6753334,0.212042062,99582.27433,8.435029497,0.008744599,16.65884665,0,4.083481107,-1.694649486
6/3/2017 1:00,0,311.99898,171.793973,0.052597423,99621.25486,0,0.007848233,14.79252238,0,3.738831621,-2.239065297
6/3/2017 2:00,0,312.0038631,85.8813604,0.052597423,99660.24792,0,0.006951876,12.92112032,0,3.394415811,-2.778597945
6/3/2017 3:00,0,268.0837082,0,0.052597423,99698.94098,0,0.006055419,11.0548351,0,3.049766324,-3.313013756
6/3/2017 4:00,0,268.0885913,0,0.004102337,99674.94306,0,0.005778377,10.18088664,0,3.075350514,-2.903013756
6/3/2017 5:00,0,268.0885913,0,0.004102337,99650.93018,0,0.00550144,9.301821348,0,3.095817865,-2.483013756
6/3/2017 6:00,0,263.7944813,0,0.004102337,99626.93225,0,0.005224602,8.432795113,0,3.126285217,-2.067896918
6/3/2017 7:00,0,263.7944813,0,0.001153505,99622.41225,0,0.005173108,8.092989727,0,3.281168379,-1.723013756
6/3/2017 8:00,0,263.7993644,0,0.001153505,99617.7773,0,0.005121718,7.758106565,0,3.436051541,-1.373013756
6/3/2017 9:00,0,269.084715,0,0.001153505,99613.2573,0,0.005070229,7.41834024,0,3.600934703,-1.027896918
6/3/2017 10:00,0,269.0898318,0,0.1109,99645.36252,85.47679582,0.005704143,9.392795113,0,3.735817865,-0.99836427
6/3/2017 11:00,0,269.0849486,0,0.1109,99677.04027,220.132525,0.006338057,11.36717186,0,3.875817865,-0.973714783
6/3/2017 12:00,0,303.1249727,0,0.1109,99709.36801,315.9493497,0.006971775,13.34158767,0,4.015817865,-0.943948459
6/3/2017 13:00,0,303.1249727,22.18690886,0.440143918,99683.81558,446.2580053,0.007035587,14.29182135,0,4.140934703,-1.444883162
6/3/2017 14:00,0,303.1200895,44.34106996,0.440143918,99657.97315,555.171525,0.007099598,15.24182135,0,4.266285217,-1.950701027
6/3/2017 15:00,1,336.5994365,66.52797883,0.440143918,99632.47071,571.8701064,0.007163604,16.18693819,0.086620749,4.391402055,-2.446518893
6/3/2017 16:00,0.986961957,336.5994365,55.10787143,0.593990413,99623.63071,624.1815645,0.007185549,16.52740554,0.085148724,4.46163573,-3.225817865
6/3/2017 17:00,0,336.5994365,43.71901626,0.593990413,99615.02819,637.3624929,0.007207794,16.86275605,0,4.531869406,-3.995116838
6/3/2017 18:00,0,324.71544,32.2661611,0.593990413,99605.76567,678.215666,0.007229839,17.19834024,0,4.60721992,-4.774415811
6/3/2017 19:00,0,324.71544,35.76089096,0.568242957,99681.72306,606.5274101,0.007281444,17.07787289,0,4.576752568,-4.449298973
6/3/2017 20:00,0,324.71544,39.22436859,0.568242957,99757.25297,502.7709556,0.007332848,16.96256144,0,4.541402055,-4.134182135
6/3/2017 21:00,0,332.7926906,42.71909845,0.568242957,99833.21036,351.6332172,0.007384558,16.8422887,0,4.516051541,-3.809065297
6/3/2017 22:00,0,332.7926906,28.45756713,0.229029417,99810.86757,235.8371784,0.007428524,15.81791195,0,4.250934703,-3.334415811
6/3/2017 23:00,0,332.7975737,14.22878356,0.229029417,99788.43478,126.925883,0.007472595,14.7932234,0,3.990934703,-2.854649486
6/4/2017 0:00,0,341.4025704,0,0.229029417,99766.40451,8.099738812,0.007516861,13.76880759,0,3.730934703,-2.374883162
6/4/2017 1:00,0,341.3974536,0,0.042530138,99795.46703,0,0.007264603,13.15415811,0,3.410701027,-2.184649486
6/4/2017 2:00,0,341.3974536,0,0.042530138,99824.66207,0,0.007012348,12.53950862,0,3.090701027,-1.989532648
6/4/2017 3:00,0,314.5985499,0,0.042530138,99853.53712,0,0.00675999,11.92485913,0,2.765584189,-1.799298973
6/4/2017 4:00,0,314.603433,0,0.01479299,99825.00964,0,0.006568454,11.35556016,0,2.895350514,-1.783948459
6/4/2017 5:00,0,314.603433,0,0.01479299,99796.48216,0,0.006376619,10.78626119,0,3.02,-1.773714783
6/4/2017 6:00,0,278.9775191,0,0.01479299,99767.85469,0,0.006184783,10.22184538,0,3.149766324,-1.763481107
6/4/2017 7:00,0,278.9775191,0,-0.007562852,99789.54721,0,0.006018631,9.791378025,0,3.224883162,-1.673714783
6/4/2017 8:00,0,278.9775191,0,-0.007562852,99811.03973,0,0.005852574,9.360716061,0,3.295116838,-1.578831621
6/4/2017 9:00,0,281.6895981,0,-0.007562852,99832.63225,0,0.005686617,8.935092809,0,3.375350514,-1.483948459
6/4/2017 10:00,0,281.6898318,0,0.10269299,99859.06216,86.38852502,0.006487371,10.88931401,0,3.100701027,-1.309065297
6/4/2017 11:00,0,281.6849486,0,0.10269299,99885.49207,221.1809181,0.00728783,12.84857392,0,2.826051541,-1.134182135
6/4/2017 12:00,0,307.0773094,0,0.10269299,99911.93198,391.6669194,0.008088589,14.80275605,0,2.546285217,-0.959298973
6/4/2017 13:00,0,307.0773094,0,0.511485739,99908.61225,552.9232665,0.008183005,16.16857392,0,2.451168379,-0.800701027
6/4/2017 14:00,0,307.0775431,0,0.511485739,99905.21504,687.7260653,0.008277927,17.53415811,0,2.356051541,-0.636986244
6/4/2017 15:00,0,332.1785739,0,0.511485739,99901.74531,757.6916888,0.008372548,18.90001503,0,2.260701027,-0.473271461
6/4/2017 16:00,0,332.1736908,4.338694062,0.760673815,99844.54027,827.0442927,0.008632968,19.37044332,0,3.060701027,0.792312729
6/4/2017 17:00,0,332.1788076,8.644640362,0.760673815,99787.33522,844.5965771,0.008893493,19.83602751,0,3.855584189,2.06278008
6/4/2017 18:00,0,366.2576873,12.98333442,0.760673815,99730.13018,491.2673076,0.009154017,20.3016117,0,4.655584189,3.333481107
6/4/2017 19:00,0.511683789,366.2576873,18.92816437,0.455742062,99755.53558,439.4857941,0.009318117,19.13371478,0.000409347,4.886518893,3.695116838
6/4/2017 20:00,0,366.2625704,24.93699432,0.455742062,99780.84098,364.4753523,0.009482312,17.9709347,0,5.117687271,4.061869406
6/4/2017 21:00,1,369.8007665,30.88182427,0.455742062,99806.55891,169.84381,0.009646812,16.79815462,0.502820881,5.348621975,4.418621975
6/4/2017 22:00,0.076294738,369.8056497,20.59830026,0.109563333,99756.66107,114.2394604,0.009533954,15.84628522,0.678325224,3.80443984,4.102570434
6/4/2017 23:00,0.076294738,369.8056497,10.28352401,0.109563333,99707.15576,61.76504903,0.009420996,14.89418213,0.85220179,2.260257705,3.786518893
6/5/2017 0:00,0.076294738,371.2972854,0,0.109563333,99657.33297,4.153682466,0.009308443,13.93719589,1.504458269,0.71607557,3.475584189
6/5/2017 1:00,0,371.2972854,0,0.028651168,99618.92252,0,0.009081272,13.60626119,0.908088762,0.280491381,3.446051541
6/5/2017 2:00,0,371.2972854,0,0.028651168,99580.31207,0,0.008854206,13.27532648,0.534704872,-0.159975971,3.42163573
6/5/2017 3:00,0,367.6028696,0,0.028651168,99541.50163,0,0.008626839,12.94466452,0.40512645,-0.600676998,3.39721992
6/5/2017 4:00,0.022321992,367.6028696,7.11895525,0.03071378,99469.32163,0,0.008606128,12.85443084,0.258693867,-1.642079053,3.393271461
6/5/2017 5:00,0.022321992,367.6028696,14.2379105,0.03071378,99396.50163,0,0.008585212,12.76927494,0.212317799,-2.693481107,3.389323002
6/5/2017 6:00,0.022321992,356.3991788,21.38961351,0.03071378,99324.32163,0,0.008564501,12.68419717,0.779988466,-3.74,3.380257705
6/5/2017 7:00,0.728921097,356.3991788,39.19461188,0.010888316,99273.17955,0,0.008596799,12.56396349,0.414786808,-3.240233676,2.828621975
6/5/2017 8:00,0.728921097,356.3991788,56.99961024,0.010888316,99222.12252,0,0.008628797,12.44880759,0.327739244,-2.740701027,2.271869406
6/5/2017 9:00,0.728921097,353.2295741,74.8046086,0.010888316,99171.29297,0,0.008661095,12.32857392,0.283929068,-2.236051541,1.725116838
6/5/2017 10:00,0.839697447,353.2295741,63.30688769,0.086288557,99198.62009,65.26667749,0.009205786,13.36298973,0.270720251,-2.500934703,1.48
6/5/2017 11:00,0.470237402,353.2246909,51.80767125,0.086288557,99226.25973,166.217113,0.009750483,14.39252238,0.080027345,-2.766051541,1.239766324
6/5/2017 12:00,0,356.1612272,40.30845481,0.086288557,99253.91433,317.6174014,0.010295079,15.43205502,0,-3.026051541,0.999532648
6/5/2017 13:00,0,356.1614609,40.90539216,0.372960996,99276.6846,448.1685488,0.010988103,16.85252238,0.002046735,-3.086752568,1.014182135
6/5/2017 14:00,0,356.1565777,41.50382504,0.372960996,99299.89486,557.3090828,0.011681018,18.28302879,0.000409347,-3.142336758,1.023948459
6/5/2017 15:00,0,368.1353373,42.10225791,0.372960996,99323.13261,647.8635938,0.012374242,19.7083793,0,-3.202804109,1.043714783
6/5/2017 16:00,0,368.1353373,130.6616534,0.56814608,99250.54964,707.0788792,0.01262722,20.35884665,0,-3.862804109,0.647896918
6/5/2017 17:00,0,368.1353373,219.188301,0.56814608,99177.55415,722.210389,0.012880397,21.00415811,0,-4.522570434,0.251845377
6/5/2017 18:00,0,377.1508079,307.7476965,0.56814608,99105.19866,666.1161322,0.013133675,21.65462546,0,-5.187453596,-0.143972488
6/5/2017 19:00,0,377.1508079,261.4176786,0.50178646,99089.57866,596.1058621,0.013032954,21.40927494,0,-5.377453596,0.284859133
6/5/2017 20:00,0,377.1508079,215.0564084,0.50178646,99073.96866,494.6184382,0.012932243,21.17396349,0,-5.572570434,0.713690754
6/5/2017 21:00,0,372.9204914,168.7263905,0.50178646,99058.65118,338.6107229,0.012831327,20.92857392,0,-5.762570434,1.137639213
6/5/2017 22:00,0,372.9202577,112.4738429,0.180704914,99096.92388,227.9497272,0.0124564,19.6832234,0,-5.022103082,0.768106565
6/5/2017 23:00,0,372.9202577,56.25254759,0.180704914,99135.11154,123.7742612,0.012081473,18.43298973,0,-4.28163573,0.403690754
6/6/2017 0:00,0.350404061,371.5488316,0,0.180704914,99173.61172,11.32945708,0.011706651,17.18275605,0.000409347,-3.551168379,0.034158106
6/6/2017 1:00,0.234553025,371.5488316,1.391703012,0.010225945,99191.18145,0,0.011216109,16.22670451,1.085974411,-3.891869406,-1.025608219
6/6/2017 2:00,0.234553025,371.5537148,2.7819105,0.010225945,99208.66613,0,0.010725367,15.27553613,2.888230096,-4.227453596,-2.085374543
6/6/2017 3:00,0.234553025,360.8085913,4.173613512,0.010225945,99226.27334,0,0.010234624,14.31436775,0.463127675,-4.568154623,-3.145140867
6/6/2017 4:00,0.188582267,360.8134745,5.605388125,0.030069862,99195.67839,0,0.009690043,13.54530246,0.194682333,-4.86721992,-3.629323002
6/6/2017 5:00,0.100392359,360.8134745,7.0699105,0.030069862,99165.41091,0,0.009145667,12.77623716,0.051373052,-5.166051541,-4.118388299
6/6/2017 6:00,0.188582267,359.7099039,8.470432875,0.030069862,99134.81596,0,0.008601285,12.00205502,0.236297183,-5.46,-4.602570434
6/6/2017 7:00,0.109861999,359.7096702,5.64695525,0.038674536,99119.97587,0,0.008312341,11.51205502,0.067616772,-5.570701027,-4.702336758
6/6/2017 8:00,0.0318779,359.7096702,2.823477625,0.038674536,99104.9183,0,0.008023596,11.01717186,0.025788863,-5.676285217,-4.796986244
6/6/2017 9:00,0.109861999,360.4559074,0,0.038674536,99090.08821,0,0.007734851,10.52721092,0.091194233,-5.786752568,-4.886752568
6/6/2017 10:00,0,360.4559074,0,0.066934811,99072.1983,17.69541034,0.007655352,10.51740554,0.077187073,-5.807453596,-5.081869406
6/6/2017 11:00,0,360.4559074,0,0.066934811,99054.62091,44.86037123,0.007575458,10.50740554,0.025788863,-5.833037785,-5.266986244
6/6/2017 12:00,0,356.2587115,0,0.066934811,99037.371,115.688655,0.007495859,10.49763921,0.088009612,-5.853738812,-5.452103082
6/6/2017 13:00,0.002558419,356.2587115,0,0.173050207,99103.87136,163.1763859,0.007436224,10.5383793,0.290788731,-5.709323002,-5.24721992
6/6/2017 14:00,0.002558419,356.2587115,0,0.173050207,99170.39424,202.9173779,0.007376589,10.57904127,2.587493867,-5.564907191,-5.042336758
6/6/2017 15:00,0.002558419,357.2099039,0,0.173050207,99237.0246,217.841779,0.007316855,10.61974229,1.529849653,-5.420491381,-4.837453596
6/6/2017 16:00,0,357.2099039,0,0.197193404,99236.7246,237.9144894,0.007252954,10.44419717,2.584144315,-5.670958732,-4.608154623
6/6/2017 17:00,0,357.2099039,0,0.197193404,99236.3246,242.9880591,0.007188958,10.27369075,0.128269406,-5.916542922,-4.373738812
6/6/2017 18:00,0,353.10677,0,0.197193404,99235.59712,216.5513421,0.007125152,10.09810656,0.001209347,-6.167010273,-4.14443984
6/6/2017 19:00,0.01662055,353.10677,0,0.1567411,99264.43712,193.8392526,0.007032515,9.893457078,0.339325091,-5.715608219,-4.223738812
6/6/2017 20:00,0.01662055,353.10677,0,0.1567411,99293.04964,160.9167803,0.006939873,9.68392443,1.128417036,-5.269089326,-4.313037785
6/6/2017 21:00,0.01662055,347.6794539,0,0.1567411,99321.56216,178.7319145,0.006847235,9.474197168,3.619109775,-4.822804109,-4.392336758
6/6/2017 22:00,0.017204433,347.6794539,0,0.092853025,99337.80216,120.4476576,0.006786342,9.288573916,1.547580178,-4.112103082,-4.20163573
6/6/2017 23:00,0.017204433,347.6794539,0,0.092853025,99354.14216,65.67287042,0.006725548,9.102989727,0.692537949,-3.406285217,-4.005817865
6/7/2017 0:00,0.007828762,344.3245534,0,0.092853025,99370.69469,6.427925753,0.006664655,8.9174446,0.032747762,-2.695584189,-3.815116838
6/7/2017 1:00,0,344.3245534,0,0.027388316,99432.43469,0,0.006622672,8.708145627,0.000818694,-2.271402055,-3.660467352
6/7/2017 2:00,0,344.3245534,0,0.027388316,99493.85973,0,0.006580789,8.49392443,0.058661717,-1.84721992,-3.505817865
6/7/2017 3:00,0,346.9917493,0,0.027388316,99555.83973,0,0.006538701,8.284625457,0.040934703,-1.423037785,-3.356051541
6/7/2017 4:00,0,346.9917493,0,0.01129299,99568.18982,0,0.006675552,8.509742295,0.031929068,-0.873037785,-3.236051541
6/7/2017 5:00,0,346.9868661,0,0.01129299,99580.75243,0,0.006812204,8.734859133,0.131918064,-0.323037785,-3.106051541
6/7/2017 6:00,0,348.6533369,0,0.01129299,99593.43,0,0.006948955,8.959975971,0.025820484,0.226962215,-2.986051541
6/7/2017 7:00,0,348.6533369,0,0.010644158,99565.49991,0,0.006950363,8.994625457,0.103013059,0.133013756,-2.900233676
6/7/2017 8:00,0,348.6533369,0,0.010644158,99537.7973,0,0.006951676,9.029314006,0,0.034182135,-2.809532648
6/7/2017 9:00,0,346.4363026,0,0.010644158,99510.19469,0,0.006953089,9.058807592,0,-0.059766324,-2.718597945
6/7/2017 10:00,0,346.4314195,0,0.040490653,99588.62478,30.55932913,0.00712152,9.584158106,0,-0.069532648,-2.688831621
6/7/2017 11:00,0,346.4314195,0,0.040490653,99667.05486,77.14155584,0.007289746,10.10950862,0,-0.069298973,-2.663948459
6/7/2017 12:00,0,329.585619,0,0.040490653,99745.59495,266.0541013,0.007457982,10.63485913,0,-0.074182135,-2.639065297
6/7/2017 13:00,0,329.5858527,4.244783563,0.307206115,99759.89261,375.1383721,0.007629039,12.08719589,0,-0.589532648,-2.594649486
6/7/2017 14:00,0,329.5858527,8.458314888,0.307206115,99773.68279,466.3173648,0.007800296,13.54464949,0,-1.104883162,-2.560233676
6/7/2017 15:00,0,315.8907599,12.70309845,0.307206115,99787.80792,789.6952515,0.007971348,15.00186941,0,-1.620233676,-2.525817865
6/7/2017 16:00,0,315.8907599,10.39461188,0.68744608,99743.1754,862.0231219,0.008018994,16.02581787,0,-1.645350514,-2.48163573
6/7/2017 17:00,0,315.8958767,8.118873063,0.68744608,99698.46783,880.6838096,0.008066835,17.04976632,0,-1.675584189,-2.442570434
6/7/2017 18:00,0,312.1665363,5.84313425,0.68744608,99654.05279,863.8382775,0.008114476,18.07883162,0,-1.705817865,-2.398388299
6/7/2017 19:00,0,312.1616531,3.8740895,0.653414741,99705.30495,773.510188,0.008034691,18.42859795,0,-1.535584189,-2.033505137
6/7/2017 20:00,0,312.1616531,1.936296988,0.653414741,99756.2446,642.4376361,0.007955001,18.78352017,0,-1.370467352,-1.658621975
6/7/2017 21:00,0,305.3156497,0,0.653414741,99807.60676,483.3226861,0.007875112,19.14324743,0,-1.205350514,-1.293738812
6/7/2017 22:00,0,305.3156497,0,0.222984123,99810.50703,326.3970553,0.007848284,18.19953265,0,-0.991168379,-0.803505137
6/7/2017 23:00,0,305.3156497,0,0.222984123,99813.18982,178.6835661,0.007821157,17.25070103,0,-0.771869406,-0.313037785
6/8/2017 0:00,0,285.3938523,0,0.222984123,99816.20009,13.12564667,0.007793926,16.31186941,0,-0.557687271,0.172312729
6/8/2017 1:00,0,285.3987355,0,-0.011471959,99814.70775,0,0.007384017,14.96725898,0,0.303247432,0.588597945
6/8/2017 2:00,0,285.3987355,0,-0.011471959,99813.32792,0,0.006973909,13.62233676,0,1.164182135,0.994883162
6/8/2017 3:00,0,275.0753025,0,-0.011471959,99811.98558,0,0.006563696,12.27257043,0,2.025116838,1.411168379
6/8/2017 4:00,0,275.0753025,0,-0.015925464,99836.0081,0,0.006435392,11.87233676,0,2.060467352,0.745817865
6/8/2017 5:00,0,275.0753025,0,-0.015925464,99859.94063,0,0.006306888,11.46698624,0,2.095817865,0.070467352
6/8/2017 6:00,0,271.789299,0,-0.015925464,99883.33315,0,0.006178685,11.06163573,0,2.136051541,-0.594883162
6/8/2017 7:00,0,271.789299,0,-0.016527801,99849.11828,0,0.006091612,10.87210308,0,1.185817865,-0.944883162
6/8/2017 8:00,0,271.789299,0,-0.016527801,99814.98342,0,0.006004644,10.6874536,0,0.230467352,-1.29
6/8/2017 9:00,0,275.3874776,0,-0.016527801,99780.54603,0,0.00591758,10.49280411,0,-0.719766324,-1.645116838
6/8/2017 10:00,0,275.3825945,0,0.077165189,99842.32801,88.82869274,0.006698496,12.05257043,0,-0.754182135,-1.209532648
6/8/2017 11:00,0,275.3828281,0,0.077165189,99903.87748,223.4309168,0.007479417,13.60721992,0,-0.788597945,-0.779065297
6/8/2017 12:00,0,302.4305635,0,0.077165189,99965.74946,395.4253663,0.008260142,15.17186941,0,-0.82278008,-0.343481107
6/8/2017 13:00,0,302.4305635,0,0.492081546,99936.41973,557.3908247,0.008406323,16.5974536,0,-1.357896918,0.380934703
6/8/2017 14:00,0,302.4256803,0,0.492081546,99907.22748,692.9155761,0.008552304,18.01792095,0,-1.893013756,1.100467352
6/8/2017 15:00,0,312.8093951,0,0.492081546,99878.02775,821.6410179,0.008698786,19.43842736,0,-2.423013756,1.824883162
6/8/2017 16:00,0,312.8093951,0,0.78477268,99866.50775,897.055892,0.008789169,19.75420616,0,-2.433247432,2.399766324
6/8/2017 17:00,0,312.8093951,0,0.78477268,99855.11522,916.5659805,0.008879848,20.06514087,0,-2.448597945,2.974649486
6/8/2017 18:00,0,320.1598865,0,0.78477268,99843.8227,815.7723096,0.008970435,20.37584189,0,-2.453948459,3.549532648
6/8/2017 19:00,0,320.1598865,0,0.642040686,99762.51522,730.7067335,0.00901595,19.88099779,0,-2.343013756,3.390467352
6/8/2017 20:00,0,320.1598865,0,0.642040686,99681.63522,607.1578167,0.00906117,19.39123147,0,-2.232312729,3.231402055
6/8/2017 21:00,0,319.5621271,0,0.642040686,99600.32775,457.4046477,0.00910648,18.89634831,0,-2.121378025,3.072336758
6/8/2017 22:00,0,319.5670103,0,0.216428041,99576.51315,309.3397736,0.00917051,17.70560822,0,-1.872312729,3.056051541
6/8/2017 23:00,0,319.5670103,0,0.216428041,99552.69855,169.982584,0.00923464,16.50490719,0,-1.628130594,3.044883162
6/9/2017 0:00,0,328.2735706,0,0.216428041,99528.57143,19.27383625,0.009298366,15.31424523,0,-1.378831621,3.033481107
6/9/2017 1:00,0,328.2735706,0,0.01180701,99502.9808,0,0.008909872,14.16721992,0,-1.653247432,2.755116838
6/9/2017 2:00,0,328.2784538,0,0.01180701,99477.83018,0,0.008520978,13.02535051,0,-1.92278008,2.476518893
6/9/2017 3:00,0,337.8544573,0,0.01180701,99452.06703,0,0.008132085,11.88352017,0,-2.197195891,2.198154623
6/9/2017 4:00,0,337.8544573,0,0.003453505,99383.60703,0,0.008101618,11.86301376,0,-2.203481107,1.107920947
6/9/2017 5:00,0,337.8544573,0,0.003453505,99315.15703,0,0.008070757,11.84766324,0,-2.199766324,0.022570434
6/9/2017 6:00,0,345.2504607,0,0.003453505,99246.68703,0,0.008040095,11.82719589,0,-2.200934703,-1.062546404
6/9/2017 7:00,0,345.2504607,0,0.011930138,99161.05451,0,0.008010956,11.75653393,0,-2.036051541,-1.213013756
6/9/2017 8:00,0,345.2504607,0,0.011930138,99075.96198,0,0.007981621,11.68091067,0,-1.866051541,-1.368597945
6/9/2017 9:00,0,340.0602271,0,0.011930138,98990.85451,0,0.007952687,11.61020965,0,-1.701168379,-1.523948459
6/9/2017 10:00,0,340.0553439,0,0.067355602,98998.70946,48.97151343,0.008300855,12.54020965,0,-0.806051541,-1.629766324
6/9/2017 11:00,0,340.0553439,0,0.067355602,99006.56442,122.7924647,0.008649023,13.47536555,0,0.083948459,-1.740467352
6/9/2017 12:00,0,326.4879624,0,0.067355602,99014.74685,306.3023421,0.008997396,14.41020965,0,0.979065297,-1.851402055
6/9/2017 13:00,0,326.4879624,0.8439642,0.430130378,99017.09216,431.6671385,0.00900258,15.77137803,0,2.544649486,-1.11163573
6/9/2017 14:00,0,326.4830792,1.719180637,0.430130378,99019.97243,536.5704573,0.00900796,17.13766324,0,4.100233676,-0.366986244
6/9/2017 15:00,0,338.8623368,2.563144837,0.430130378,99022.54775,603.3571257,0.009013239,18.49883162,0,5.660701027,0.38278008
6/9/2017 16:00,0,338.8574536,260.2503466,0.628026599,98971.94027,658.8510472,0.009595228,19.48371478,0,5.925350514,0.457663242
6/9/2017 17:00,0,338.8574536,517.9702962,0.628026599,98921.65531,673.2543673,0.010177512,20.47348111,0,6.194883162,0.537429566
6/9/2017 18:00,0,347.53323,775.6589936,0.628026599,98870.92288,789.809897,0.010759596,21.46836427,0,6.459532648,0.617195891
6/9/2017 19:00,0,347.53323,898.2690301,0.693936427,98889.82775,707.6337091,0.010955119,22.06863701,0,6.45,0.67278008
6/9/2017 20:00,0,347.5283469,1020.879067,0.693936427,98908.20261,588.2699398,0.011150238,22.67394846,0,6.440467352,0.723247432
6/9/2017 21:00,0,349.9244224,1143.489103,0.693936427,98927.09748,447.9406507,0.011345756,23.27418213,0,6.430934703,0.783714783
6/9/2017 22:00,0,349.9293056,790.7348706,0.302544639,99013.64757,303.2940368,0.011167738,22.07953265,0,5.786051541,0.938597945
6/9/2017 23:00,0,349.9293056,437.9806379,0.302544639,99100.52513,167.2571727,0.010989619,20.89,0,5.141402055,1.09836427
6/10/2017 0:00,0,323.7105328,85.19365739,0.302544639,99187.4027,14.3770116,0.010811405,19.69535051,0,4.496752568,1.25836427
6/10/2017 1:00,0,323.715416,56.80668752,0.022358179,99206.52027,0,0.01003816,18.31348111,0,4.440934703,1.153948459
6/10/2017 2:00,0,323.7202991,28.38696988,0.022358179,99225.66531,0,0.009264815,16.9316117,0,4.385350514,1.054415811
6/10/2017 3:00,0,302.4384057,0,0.022358179,99244.7954,0,0.008491266,15.54974229,0,4.334649486,0.95
6/10/2017 4:00,0,302.4384057,0,0.009353505,99306.44757,0,0.008257155,15.07904127,0,4.354649486,0.674883162
6/10/2017 5:00,0,302.4384057,0,0.009353505,99367.87225,0,0.008022734,14.60857392,0,4.379532648,0.399766324
6/10/2017 6:00,0,299.7723782,0,0.009353505,99429.93694,0,0.007788423,14.13787289,0,4.404415811,0.124415811
6/10/2017 7:00,0,299.7723782,0,0.005644158,99487.10946,0,0.007670355,13.83345708,0,4.314649486,0.134883162
6/10/2017 8:00,0,299.7772614,0,0.005644158,99544.70946,0,0.007552182,13.53392443,0,4.234883162,0.150467352
6/10/2017 9:00,0,307.8639899,0,0.005644158,99602.19451,0,0.007433914,13.22439178,0,4.15,0.160934703
6/10/2017 10:00,0,307.8591067,0,0.128416357,99630.18478,87.05474909,0.008307757,15.09392443,0,3.895116838,0.066051541
6/10/2017 11:00,0,307.8593404,0,0.128416357,99658.17504,217.7163381,0.009181404,16.95857392,0,3.645116838,-0.028831621
6/10/2017 12:00,0,337.7438283,0,0.128416357,99685.85279,392.6090308,0.010054957,18.81810656,0,3.390233676,-0.123714783
6/10/2017 13:00,0,337.7389452,166.8699715,0.571376392,99733.11018,553.1966672,0.010714659,20.63904127,0,3.539766324,0.630934703
6/10/2017 14:00,0,337.734062,333.739943,0.571376392,99780.25261,687.6244097,0.01137406,22.45509281,0,3.689532648,1.385584189
6/10/2017 15:00,0,356.3624743,500.5459145,0.571376392,99827.21,807.1292227,0.012033567,24.27606657,0,3.834182135,2.145116838
6/10/2017 16:00,0,356.3575912,422.1361725,0.908765429,99810.99748,881.3715923,0.012013433,24.71137803,0,4.189766324,2.939298973
6/10/2017 17:00,0,356.3575912,343.6951781,0.908765429,99794.77,900.80312,0.011993499,25.1516117,0,4.540467352,3.733481107
6/10/2017 18:00,0,361.8116117,265.2526883,0.908765429,99778.13,786.2921188,0.011973465,25.59184538,0,4.896051541,4.537663242
6/10/2017 19:00,0,361.8116117,300.7437005,0.74635324,99775.11783,704.7119487,0.01237645,25.24766324,0,4.556285217,4.89278008
6/10/2017 20:00,0,361.8164949,336.2347127,0.74635324,99771.77819,586.0937018,0.012779238,24.90324743,0,4.211402055,5.243013756
6/10/2017 21:00,0,361.563907,371.6944727,0.74635324,99768.86603,438.5938519,0.013182232,24.5590653,0,3.87163573,5.598130594
6/10/2017 22:00,0,361.563907,274.296061,0.286018694,99775.83071,297.3704044,0.012975992,23.34046735,0,3.766986244,5.348831621
6/10/2017 23:00,0,361.5687902,176.8976493,0.286018694,99782.88045,164.5456977,0.012769762,22.11698624,0,3.66721992,5.094415811
6/11/2017 0:00,0,339.3897663,79.46648985,0.286018694,99790.15766,13.62908584,0.012563727,20.8983883,0,3.557453596,4.840233676
6/11/2017 1:00,0,339.3946495,59.6336599,0.021709082,99830.05054,0,0.012068056,19.99768727,0,3.768388299,4.595817865
6/11/2017 2:00,0,339.3895326,39.83357771,0.021709082,99870.15594,0,0.011572477,19.09698624,0,3.97443984,4.356518893
6/11/2017 3:00,0,334.5152784,20.032,0.021709082,99910.16134,0,0.011077007,18.19628522,0,4.185374543,4.11721992
6/11/2017 4:00,0,334.5152784,20.032,0.009030138,99902.05612,0,0.010983147,17.83070103,0,4.185608219,3.566986244
6/11/2017 5:00,0,334.5152784,20.032,0.009030138,99893.72342,0,0.010889592,17.45511684,0,4.195841894,3.016752568
6/11/2017 6:00,0,332.8924743,20.032,0.009030138,99884.97819,0,0.010796032,17.08953265,0,4.201192408,2.466518893
6/11/2017 7:00,0,332.8924743,13.312,-0.009809347,99901.0881,0,0.010693753,16.84418213,0,3.909790353,2.090934703
6/11/2017 8:00,0,332.8924743,6.656,-0.009809347,99916.87054,0,0.01059137,16.59394846,0,3.618388299,1.715350514
6/11/2017 9:00,0,340.41411,0,-0.009809347,99932.34045,0,0.010489192,16.34375385,0,3.326986244,1.339766324
6/11/2017 10:00,0,340.4092269,0,0.121765189,99949.89036,85.26646867,0.011396098,18.05859795,0,3.472103082,1.364883162
6/11/2017 11:00,0,340.4043437,0,0.121765189,99967.54027,212.7918707,0.012302805,19.77859795,0,3.622103082,1.385116838
6/11/2017 12:00,0,364.2511203,0,0.121765189,99984.7627,388.0363958,0.013209616,21.49348111,0,3.762103082,1.410233676
6/11/2017 13:00,0,364.2511203,179.0994923,0.592149552,100006.8526,546.6895277,0.014092664,23.28441581,0,4.331869406,1.884883162
6/11/2017 14:00,0,364.251354,358.2317323,0.592149552,100029.4825,679.5239526,0.014975717,25.07023368,0,4.906518893,2.359532648
6/11/2017 15:00,0,375.2803472,537.2999723,0.592149552,100051.685,804.9995877,0.015858566,26.86097377,0,5.471168379,2.834182135
6/11/2017 16:00,0,375.275464,671.2858656,0.913443263,99996.48739,879.1313312,0.01601344,27.41074009,0,5.776518893,3.183948459
6/11/2017 17:00,0,375.275464,805.2390112,0.913443263,99940.86234,898.6568588,0.016168405,27.96535051,0,6.081869406,3.528831621
6/11/2017 18:00,0,379.8991788,939.1609046,0.913443263,99885.56478,847.0440226,0.01632328,28.52,0,6.382336758,3.878831621
6/11/2017 19:00,0,379.8991788,1068.747752,0.803020376,99878.48982,759.3824286,0.016575578,28.56023368,0,6.542570434,3.858597945
6/11/2017 20:00,0,379.8991788,1198.3346,0.803020376,99871.42982,631.8100547,0.016827876,28.59535051,0,6.702804109,3.83836427
6/11/2017 21:00,0,372.8292509,1327.921448,0.803020376,99864.04234,473.6157219,0.017080079,28.63046735,0,6.863037785,3.823247432
6/11/2017 22:00,0,372.8341341,1068.307622,0.304447216,99818.48739,321.5803344,0.016827995,27.32632428,0,6.118621975,3.513714783
6/11/2017 23:00,0,372.8390172,808.7592921,0.304447216,99772.83243,178.5225187,0.01657601,26.01698624,0,5.37443984,3.199298973
6/12/2017 0:00,0,353.8817973,549.1767185,0.304447216,99726.95,13.6670295,0.016323825,24.70792095,0,4.630024029,2.89
6/12/2017 1:00,0,353.8817973,483.7389194,0.010404674,99735.43504,0,0.015581434,23.75679163,0,4.679323002,2.429766324
6/12/2017 2:00,0,353.8866805,418.2683726,0.010404674,99743.72009,0,0.014838942,22.81558419,0,4.728621975,1.969298973
6/12/2017 3:00,0,349.4485018,352.8305736,0.010404674,99752.54513,0,0.014096455,21.86441581,0,4.777920947,1.513948459
6/12/2017 4:00,0,349.453385,279.6398437,-0.014165189,99748.29766,0,0.013818558,21.36375385,0,4.471869406,1.269065297
6/12/2017 5:00,0,349.453385,206.4818616,-0.014165189,99744.13018,0,0.013540651,20.87301376,0,4.160934703,1.029065297
6/12/2017 6:00,0,345.5878008,133.2911317,-0.014165189,99740.3427,0,0.013262849,20.37231273,0,3.854883162,0.784182135
6/12/2017 7:00,0,345.592684,89.77803657,-0.022681306,99751.48531,0,0.013005149,20.0825464,0,3.745116838,0.549532648
6/12/2017 8:00,0,345.592684,46.23219363,-0.022681306,99762.20045,0,0.012747549,19.79793598,0,3.640233676,0.314883162
6/12/2017 9:00,0,345.6105328,2.71909845,-0.022681306,99773.14306,0,0.012489644,19.50813059,0,3.530467352,0.080233676
6/12/2017 10:00,0,345.6056497,1.802314888,0.108342037,99798.83018,86.45056215,0.013494279,20.85723495,0,3.195817865,-0.019532648
6/12/2017 11:00,0,345.6056497,0.916783563,0.108342037,99824.53225,215.3918707,0.014498513,22.21114435,0,2.856051541,-0.124182135
6/12/2017 12:00,0,371.9933369,0,0.108342037,99850.11937,389.9141332,0.015503053,23.55509281,0,2.516285217,-0.223948459
6/12/2017 13:00,0,371.9884538,291.6735777,0.594116117,99825.34703,549.2977415,0.015876546,25.04997597,0,2.705817865,0.315584189
6/12/2017 14:00,0,371.9835706,583.3144077,0.594116117,99800.37469,682.7885492,0.01624994,26.54997597,0,2.890233676,0.855116838
6/12/2017 15:00,0,385.3999279,874.9567331,0.594116117,99775.30234,809.4257952,0.016623338,28.04485913,0,3.079766324,1.399532648
6/12/2017 16:00,0,385.3999279,1092.158128,0.890992749,99761.86234,884.0702864,0.016951574,28.45626119,0,3.465116838,2.184415811
6/12/2017 17:00,0,385.3999279,1309.326775,0.890992749,99748.84982,903.826188,0.017279709,28.8625464,0,3.850233676,2.974415811
6/12/2017 18:00,0,391.6114021,1526.528169,0.890992749,99735.0973,844.246358,0.017607945,29.27883162,0,4.235350514,3.759298973
6/12/2017 19:00,0,391.6114021,1824.913808,0.76770701,99690.99694,757.0865118,0.017977547,29.27953265,0,4.560467352,3.399065297
6/12/2017 20:00,0,391.6114021,2123.299447,0.76770701,99646.89658,630.1642596,0.018347155,29.28511684,0,4.885584189,3.033714783
6/12/2017 21:00,0,387.1630378,2421.682095,0.76770701,99602.89622,471.9992917,0.018716862,29.28581787,0,5.220701027,2.673247432
6/12/2017 22:00,0,387.1630378,2193.371354,0.263960515,99555.90875,320.854465,0.018609705,28.17558419,0,4.705116838,2.253247432
6/12/2017 23:00,0,387.1679209,1965.059118,0.263960515,99509.23379,178.664584,0.018502647,27.06050641,0,4.199532648,1.833247432
6/13/2017 0:00,0,366.7288316,1736.77963,0.263960515,99462.55884,14.20284256,0.018395489,25.95023368,0,3.683948459,1.423247432
6/13/2017 1:00,0,366.7337148,1724.726035,-0.011637388,99505.6964,0,0.017428454,24.96953265,0,3.789298973,0.913714783
6/13/2017 2:00,0,366.7285979,1712.67244,-0.011637388,99549.60145,0,0.01646122,23.98394846,0,3.894649486,0.409298973
6/13/2017 3:00,0,363.5389932,1700.620341,-0.011637388,99593.07901,0,0.015494085,22.99836427,0,3.99,-0.090233676
6/13/2017 4:00,0,363.5389932,1586.428044,-0.021546495,99540.91154,0,0.015272521,22.65859795,0,3.750233676,-0.510233676
6/13/2017 5:00,0,363.5389932,1472.299747,-0.021546495,99488.53154,0,0.015050653,22.31883162,0,3.510467352,-0.925116838
6/13/2017 6:00,0,358.9107905,1358.140198,-0.021546495,99436.05154,0,0.014828789,21.9790653,0,3.275817865,-1.345116838
6/13/2017 7:00,0,358.9156737,1179.706548,-0.026288341,99442.03154,0,0.014518957,21.71418213,0,3.241168379,-1.155116838
6/13/2017 8:00,0,358.9156737,1001.304151,-0.026288341,99447.58406,0,0.014208724,21.44418213,0,3.206752568,-0.965116838
6/13/2017 9:00,0,357.4195741,822.9017542,-0.026288341,99453.4491,0,0.013898491,21.17441581,0,3.17721992,-0.78
6/13/2017 10:00,0,357.4146909,679.7186452,0.10848622,99488.85154,86.27922605,0.015093371,22.50816966,0,2.861869406,-0.709766324
6/13/2017 11:00,0,357.4149246,536.5340406,0.10848622,99524.58145,214.7145071,0.016288455,23.83696221,0,2.551402055,-0.644649486
6/13/2017 12:00,0,379.8996221,393.3509316,0.10848622,99560.2964,387.7338336,0.017483139,25.16579384,0,2.236051541,-0.574415811
6/13/2017 13:00,0,379.8996221,763.5070284,0.62091867,99586.77397,546.2175724,0.017467787,26.44509281,0,2.966051541,-0.654883162
6/13/2017 14:00,0,379.894739,1133.695873,0.62091867,99613.25154,678.9874455,0.01745244,27.71950862,0,3.690934703,-0.735350514
6/13/2017 15:00,0,402.9075431,1503.884718,0.62091867,99639.5291,782.5425867,0.017436794,28.99880759,0,4.415817865,-0.820934703
6/13/2017 16:00,0,402.9075431,1675.412195,0.893011684,99595.42649,854.8179294,0.017575485,29.38369075,0,4.260701027,-1.116518893
6/13/2017 17:00,0,402.9075431,1846.972421,0.893011684,99551.01136,874.064831,0.017714277,29.76349614,0,4.100701027,-1.412103082
6/13/2017 18:00,0,415.8127735,2018.53115,0.893011684,99506.90875,762.2937899,0.017853069,30.14345708,0,3.945584189,-1.717687271
6/13/2017 19:00,0,415.8127735,1994.285534,0.74358622,99518.15622,683.7861011,0.017833951,29.97345708,0,4.130701027,-1.728154623
6/13/2017 20:00,0,415.8127735,1970.039918,0.74358622,99529.61622,569.3718194,0.017814628,29.79857392,0,4.320934703,-1.738621975
6/13/2017 21:00,0,407.9655776,1945.794302,0.74358622,99540.7637,436.5865834,0.01779551,29.62857392,0,4.506051541,-1.759089326
6/13/2017 22:00,0,407.9655776,1460.544234,0.292432474,99544.96875,297.0997862,0.017277497,28.34857392,0,3.800701027,-1.803505137
6/13/2017 23:00,0,407.9704607,975.3596612,0.292432474,99548.74631,165.9101601,0.016759584,27.06834024,0,3.095350514,-1.852804109
6/14/2017 0:00,0,379.8240794,490.1750884,0.292432474,99552.62388,19.07925753,0.016241571,25.7932234,0,2.39,-1.89721992
6/14/2017 1:00,0,379.8289626,363.1824148,0.025883883,99546.24892,0,0.015222448,24.57302879,0,2.615350514,-1.886285217
6/14/2017 2:00,0,379.8287289,236.1897411,0.025883883,99539.88649,0,0.014202926,23.35787289,0,2.840701027,-1.875584189
6/14/2017 3:00,0,373.3405743,109.2610675,0.025883883,99533.75154,0,0.013183708,22.13763921,0,3.066051541,-1.864649486
6/14/2017 4:00,0,373.3405743,73.73616187,0.014269862,99551.27884,0,0.013034169,21.77787289,0,2.605817865,-2.19
6/14/2017 5:00,0,373.3454574,38.21125628,0.014269862,99568.26613,0,0.012884335,21.41298973,0,2.145584189,-2.510467352
6/14/2017 6:00,0,377.5397531,2.71909845,0.014269862,99585.79343,0,0.012734595,21.04810656,0,1.675350514,-2.835817865
6/14/2017 7:00,0,377.5446363,1.802314888,0.010862612,99599.99866,0,0.012376842,20.6522887,0,1.635817865,-2.730467352
6/14/2017 8:00,0,377.5446363,0.916783563,0.010862612,99614.08892,0,0.012019289,20.24647083,0,1.596285217,-2.63
6/14/2017 9:00,0,362.129183,0,0.010862612,99627.96667,0,0.01166154,19.84557519,0,1.556752568,-2.524649486
6/14/2017 10:00,0,362.1342998,0,0.138264708,99693.35379,81.87974411,0.012297395,20.82041929,0,0.390467352,-2.810701027
6/14/2017 11:00,0,362.1294167,0,0.138264708,99758.41343,203.6190593,0.012933251,21.79022468,0,-0.770701027,-3.096518893
6/14/2017 12:00,0,336.5409455,0,0.138264708,99823.80055,385.7202254,0.013568806,22.75506878,0,-1.936986244,-3.382570434
6/14/2017 13:00,0,336.5458287,0,0.645050207,99886.62091,543.3937209,0.012713097,22.78553613,0,-2.356285217,-3.322103082
6/14/2017 14:00,0,336.5458287,0,0.645050207,99950.00875,675.5325376,0.011857292,22.81600348,0,-2.775584189,-3.256752568
6/14/2017 15:00,0,336.3475365,0,0.645050207,100013.1966,811.1388031,0.011001587,22.84647083,0,-3.194883162,-3.196285217
6/14/2017 16:00,0,336.3475365,0,0.856150688,99976.65658,886.1567156,0.010846608,23.09182135,0,-2.438831621,-2.816752568
6/14/2017 17:00,0,336.3475365,0,0.856150688,99940.75658,906.2571127,0.010691638,23.32717186,0,-1.677663242,-2.442103082
6/14/2017 18:00,0,337.9062065,0,0.856150688,99904.34406,860.9893133,0.010536558,23.57252238,0,-0.926494863,-2.062570434
6/14/2017 19:00,0,337.9062065,0,0.736027561,99946.50406,772.5291585,0.010515575,23.54275605,0,-1.026728539,-1.863271461
6/14/2017 20:00,0,337.9062065,0,0.736027561,99988.87658,643.5061021,0.010494387,23.50810656,0,-1.126728539,-1.659089326
6/14/2017 21:00,0,332.0039899,0,0.736027561,100031.0366,484.9365439,0.010473199,23.4732234,0,-1.226962215,-1.460024029
6/14/2017 22:00,0,332.0088731,0,0.264125464,100023.5416,330.3887083,0.010522944,22.03462546,0,-1.578597945,-1.145140867
6/14/2017 23:00,0,332.0088731,0,0.264125464,100015.8192,184.9890795,0.010572989,20.59606657,0,-1.925116838,-0.835374543
6/15/2017 0:00,0,307.6065844,0,0.264125464,100008.6368,17.7269168,0.010622834,19.16231273,0,-2.276752568,-0.525608219
6/15/2017 1:00,0,307.6114675,0,-0.007662612,100024.8147,0,0.009703904,17.60394846,0,-2.17163573,0.505793836
6/15/2017 2:00,0,307.6114675,0,-0.007662612,100041.0301,0,0.008785374,16.05070103,0,-2.06163573,1.537429566
6/15/2017 3:00,0,294.6317252,0,-0.007662612,100057.238,0,0.007866549,14.49721992,0,-1.956518893,2.573948459
6/15/2017 4:00,0,294.6366084,0,-0.005971959,100080.5752,0,0.007626098,13.57070103,0,-1.649766324,2.7
6/15/2017 5:00,0,294.6366084,0,-0.005971959,100103.9124,0,0.007385756,12.64910436,0,-1.337896918,2.831168379
6/15/2017 6:00,0,289.7182682,0,-0.005971959,100127.1496,0,0.007145404,11.72742957,0,-1.02114435,2.962336758
6/15/2017 7:00,0,289.7131513,0,-0.010878969,100126.23,0,0.006949004,11.43371478,0,-1.295793836,2.432336758
6/15/2017 8:00,0,289.7131513,0,-0.010878969,100125.9604,0,0.006752809,11.13976632,0,-1.56556016,1.892336758
6/15/2017 9:00,0,300.8801309,0,-0.010878969,100125.2582,0,0.006556509,10.84605154,0,-1.840209647,1.352336758
6/15/2017 10:00,0,300.8752478,0,0.101855842,100174.0481,83.46787338,0.007233526,12.34929897,0,-1.900676998,1.42163573
6/15/2017 11:00,0,300.8752478,0,0.101855842,100222.8231,207.5212423,0.007910847,13.8525464,0,-1.956027512,1.490934703
6/15/2017 12:00,0,327.0750315,0,0.101855842,100271.513,362.8862479,0.008587669,15.35091067,0,-2.011378025,1.560233676
6/15/2017 13:00,0,327.0801484,0,0.520591374,100273.8279,511.2661919,0.008560688,16.38184538,0,-1.701845377,2.255116838
6/15/2017 14:00,0,327.0752652,0,0.520591374,100276.2829,635.6243251,0.008533508,17.40278008,0,-1.402312729,2.954883162
6/15/2017 15:00,0,351.665643,0,0.520591374,100278.9778,712.4047454,0.008506333,18.43371478,0,-1.097663242,3.649766324
6/15/2017 16:00,0,351.665643,0,0.731177834,100275.1757,778.319046,0.008700362,18.82441581,0,-1.107195891,3.930233676
6/15/2017 17:00,0,351.6658767,0,0.731177834,100271.2535,796.1424341,0.008894291,19.21511684,0,-1.121845377,4.205584189
6/15/2017 18:00,0,360.9249727,0,0.731177834,100267.6688,717.417109,0.009088424,19.61074009,0,-1.136494863,4.486051541
6/15/2017 19:00,0,360.9249727,0,0.621121511,100231.421,643.8780732,0.009108374,19.43120744,0,-1.196261188,4.486285217
6/15/2017 20:00,0,360.9249727,0,0.621121511,100195.1731,536.5353881,0.009128223,19.25140205,0,-1.260910674,4.481402055
6/15/2017 21:00,0,352.1195152,0,0.621121511,100159.2528,417.6256961,0.009148078,19.07675257,0,-1.320676998,4.48163573
6/15/2017 22:00,0,352.1195152,0,0.268421031,100183.7504,284.7988515,0.009130601,17.92698624,0,-1.605793836,3.835817865
6/15/2017 23:00,0,352.1192816,0,0.268421031,100208.3479,159.8725993,0.00911302,16.77210308,0,-1.885793836,3.185116838
