time,APCP_surface,DLWRF_surface,DSWRF_surface,PRES_surface,SPFH_2maboveground,TMP_2maboveground,UGRD_10maboveground,VGRD_10maboveground,precip_rate
12/1/2015 0:00,0,361.2000122,0,100530,0.0105,287.5,-2.600000143,0,0
12/1/2015 1:00,0,361.2000122,0,100610,0.0098,287.3000183,-2.700000048,-0.300000012,0
12/1/2015 2:00,0,361.2000122,0,100600,0.009099999,286.6000061,-2.799999952,-0.600000024,0
12/1/2015 3:00,0,357.6000061,0,100570,0.0087,285.5,-2.900000095,-0.900000036,0
12/1/2015 4:00,0,357.6000061,0,100590,0.0084,284.3000183,-2.600000143,-0.300000012,0
12/1/2015 5:00,0,357.6000061,0,100540,0.007999999,283.8999939,-2.299999952,0.400000006,0
12/1/2015 6:00,0,344.1000061,0,100510,0.0077,283.6000061,-2,1,0
12/1/2015 7:00,0,344.1000061,0,100490,0.0074,283.2000122,-2.100000143,0.699999988,0
12/1/2015 8:00,0,344.1000061,0,100550,0.0072,282.8999939,-2.200000048,0.5,0
12/1/2015 9:00,0,335,0,100460,0.007,282.5,-2.299999952,0.200000003,0
12/1/2015 10:00,0,335,0,100470,0.007,282.3000183,-2.400000095,0.600000024,0
12/1/2015 11:00,0,335,0,100480,0.0071,282.3000183,-2.400000095,0.900000036,0
12/1/2015 12:00,0,350.3999939,0,100530,0.007,282,-2.400000095,1.300000072,0
12/1/2015 13:00,0,350.3999939,85.09999847,100560,0.007,281.8999939,-2.600000143,1.200000048,0
12/1/2015 14:00,0,350.3000183,195.4000092,100610,0.0069,282.5,-2.700000048,1.100000024,0
12/1/2015 15:00,0,397,220,100600,0.007,282.3999939,-2.900000095,1,0
12/1/2015 16:00,0,397,264.7000122,100520,0.0072,282.8000183,-2.200000048,1.700000048,0
12/1/2015 17:00,0,397,276.5,100510,0.0075,283.1000061,-1.5,2.299999952,0
12/1/2015 18:00,0,385.3999939,395.2000122,100400,0.0077,283.5,-0.800000012,3,0
12/1/2015 19:00,0,385.3999939,345.6000061,100340,0.0081,284.3999939,-0.800000012,2.900000095,0
12/1/2015 20:00,0,385.3999939,268.2000122,100310,0.0082,284.7000122,-0.900000036,2.799999952,0
12/1/2015 21:00,0,394.3000183,120.5999985,100160,0.0082,284.3999939,-0.900000036,2.700000048,0
12/1/2015 22:00,0,394.3000183,21,100200,0.0084,285.1000061,-1.300000072,2.299999952,0
12/1/2015 23:00,0,394.3000183,0,100240,0.008599999,285.1000061,-1.700000048,1.800000072,0
12/2/2015 0:00,0,383.3000183,0,100190,0.008599999,285.2000122,-2.100000143,1.399999976,0
12/2/2015 1:00,0,383.3000183,0,100240,0.0088,285.3000183,-2,1.300000072,0
12/2/2015 2:00,0,383.3000183,0,100210,0.0088,285.6000061,-2,1.100000024,0
12/2/2015 3:00,0,371.3999939,0,100120,0.0089,285.7000122,-2,1,0
12/2/2015 4:00,0,371.3999939,0,100070,0.0092,285.8000183,-1.800000072,1.600000024,0
12/2/2015 5:00,0,371.3999939,0,100010,0.0089,285.7000122,-1.700000048,2.100000143,0
12/2/2015 6:00,0,369.1000061,0,99970,0.009099999,285.8999939,-1.600000024,2.700000048,0
12/2/2015 7:00,0,369.2000122,0,99880,0.0094,286.1000061,-1.600000024,3,0
12/2/2015 8:00,0,369.2000122,0,99870,0.0098,287,-1.700000048,3.400000095,9.49E-08
12/2/2015 9:00,0.200000003,370.6000061,0,99740,0.009699999,286.7000122,-1.700000048,3.799999952,0
12/2/2015 10:00,0,370.6000061,0,99720,0.0105,288,-1.600000024,3.700000048,0
12/2/2015 11:00,0,370.6000061,0,99710,0.011,288.6000061,-1.5,3.600000143,0
12/2/2015 12:00,0,380.8999939,0,99710,0.0112,289.3999939,-1.399999976,3.400000095,0
12/2/2015 13:00,0,380.8999939,72.5,99740,0.0117,289.7000122,-0.699999988,3.400000095,0
12/2/2015 14:00,0,380.8000183,168.6000061,99710,0.0121,290.3000183,0,3.299999952,2.44E-07
12/2/2015 15:00,0.5,405.1000061,130.8000031,99850,0.012,290.3000183,0.699999988,3.299999952,3.90E-07
12/2/2015 16:00,0.800000012,405.1000061,157.5,99840,0.0117,289.8000183,1.300000072,3.400000095,9.72E-08
12/2/2015 17:00,0.200000003,405.1000061,164.6999969,99710,0.0118,290.1000061,1.899999976,3.5,0
12/2/2015 18:00,0,397.5,145.1000061,99550,0.0117,290.3999939,2.5,3.600000143,0
12/2/2015 19:00,0,397.5,126.9000015,99520,0.011399999,290.2000122,3.299999952,3.5,0
12/2/2015 20:00,0,397.5,98.5,99400,0.0117,290,4.099999905,3.5,0
12/2/2015 21:00,0,376.2000122,67.70000458,99390,0.0121,290.3999939,4.900000095,3.400000095,0
12/2/2015 22:00,0,376.2000122,11.69999981,99410,0.0112,289.8999939,5,3.900000095,0
12/2/2015 23:00,0,376.2000122,0,99530,0.0088,289,5,4.5,0
12/3/2015 0:00,0,350.8000183,0,99570,0.0073,287.3000183,5.099999905,5.099999905,0
12/3/2015 1:00,0,350.8000183,0,99600,0.0067,286.2000122,4.900000095,4.400000095,0
12/3/2015 2:00,0,350.8999939,0,99680,0.0065,285.8000183,4.800000191,3.799999952,0
12/3/2015 3:00,0,296.7000122,0,99700,0.0062,284.8999939,4.599999905,3.100000143,0
12/3/2015 4:00,0,296.7000122,0,99740,0.006,284.3000183,4.5,2.200000048,0
12/3/2015 5:00,0,296.7000122,0,99850,0.006,283.3999939,4.400000095,1.399999976,0
12/3/2015 6:00,0,279.3999939,0,99880,0.0059,282.8000183,4.200000286,0.5,0
12/3/2015 7:00,0,279.3999939,0,99930,0.0059,282.2000122,3.700000048,-0.200000003,0
12/3/2015 8:00,0,279.3999939,0,100020,0.0058,281.6000061,3.299999952,-0.900000036,0
12/3/2015 9:00,0,257.1000061,0,100040,0.0058,281,2.799999952,-1.600000024,0
12/3/2015 10:00,0,257.1000061,0,100130,0.0057,280.6000061,2.200000048,-2.100000143,0
12/3/2015 11:00,0,257.1000061,0,100240,0.0055,280.5,1.600000024,-2.600000143,0
12/3/2015 12:00,0,254,0,100340,0.005,279.7000122,1,-3.100000143,0
12/3/2015 13:00,0,254,111.5999985,100460,0.0048,279.7000122,0.200000003,-3.900000095,0
12/3/2015 14:00,0,254,263.1000061,100550,0.0042,281.2000122,-0.600000024,-4.800000191,0
12/3/2015 15:00,0,268,390.6000061,100680,0.0036,282.3999939,-1.399999976,-5.599999905,0
12/3/2015 16:00,0,268,471.3000183,100720,0.0035,283.1000061,-1.700000048,-5.200000286,0
12/3/2015 17:00,0,268,493.3000183,100690,0.0036,283.5,-2,-4.900000095,0
12/3/2015 18:00,0,270.8999939,491.8999939,100700,0.0035,283.6000061,-2.299999952,-4.5,0
12/3/2015 19:00,0,270.8999939,430.6000061,100660,0.0037,283.8000183,-1.899999976,-4.300000191,0
12/3/2015 20:00,0,270.8999939,334.1000061,100750,0.0036,283.8999939,-1.600000024,-4.099999905,0
12/3/2015 21:00,0,255.8000031,180.6999969,100750,0.0038,283.3000183,-1.300000072,-3.900000095,0
12/3/2015 22:00,0,255.8000031,30.89999962,100870,0.004,282.1000061,-1.399999976,-3.700000048,0
12/3/2015 23:00,0,255.8000031,0,100930,0.0043,280.3000183,-1.5,-3.400000095,0
12/4/2015 0:00,0,236.6999969,0,101010,0.0042,280.3000183,-1.5,-3.100000143,0
12/4/2015 1:00,0,236.6999969,0,101130,0.0043,279.6000061,-1.700000048,-3.100000143,0
12/4/2015 2:00,0,236.6999969,0,101170,0.0042,278.7000122,-1.800000072,-3,0
12/4/2015 3:00,0,229.5,0,101260,0.0043,278.3000183,-1.899999976,-2.900000095,0
12/4/2015 4:00,0,229.5,0,101300,0.0042,277.6000061,-2,-2.900000095,0
12/4/2015 5:00,0,229.5,0,101270,0.004,277.5,-2,-2.799999952,0
12/4/2015 6:00,0,222.5,0,101270,0.0037,277.7000122,-2,-2.799999952,0
12/4/2015 7:00,0,222.5,0,101400,0.0038,277.3999939,-1.600000024,-2.900000095,0
12/4/2015 8:00,0,222.5,0,101460,0.0037,276.3999939,-1.200000048,-3.100000143,0
12/4/2015 9:00,0,217,0,101450,0.0036,275.3999939,-0.800000012,-3.200000048,0
12/4/2015 10:00,0,217,0,101510,0.0034,274.8000183,-0.900000036,-3.100000143,0
12/4/2015 11:00,0,217,0,101540,0.0034,274.3000183,-1.100000024,-3,0
12/4/2015 12:00,0,220.3000031,0,101610,0.0033,273.6000061,-1.300000072,-2.900000095,0
12/4/2015 13:00,0,220.1999969,111,101730,0.0035,274.1000061,-1.5,-3.200000048,0
12/4/2015 14:00,0,220.1999969,265,101770,0.0037,276.8999939,-1.600000024,-3.400000095,0
12/4/2015 15:00,0,239.6000061,424.2000122,101810,0.0035,279.5,-1.800000072,-3.700000048,0
12/4/2015 16:00,0,239.6000061,512.7000122,101760,0.0034,281.8999939,-2.400000095,-3.799999952,0
12/4/2015 17:00,0,239.6000061,537.1000366,101720,0.0033,283.7000122,-3,-3.799999952,0
12/4/2015 18:00,0,248,520.2999878,101680,0.0033,284.7000122,-3.600000143,-3.900000095,0
12/4/2015 19:00,0,248,455.6000061,101630,0.0032,285.5,-3.400000095,-3.700000048,0
12/4/2015 20:00,0,248.1000061,353.6000061,101600,0.0032,285.3000183,-3.200000048,-3.5,0
12/4/2015 21:00,0,238.3000031,155.4000092,101600,0.0032,285.5,-3,-3.299999952,0
12/4/2015 22:00,0,238.3000031,26.39999962,101680,0.0033,284.1000061,-2.100000143,-3.400000095,0
12/4/2015 23:00,0,238.3000031,0,101620,0.0037,280.3000183,-1.300000072,-3.5,0
12/5/2015 0:00,0,226.3000031,0,101720,0.0038,279,-0.400000006,-3.600000143,0
12/5/2015 1:00,0,226.3000031,0,101740,0.0037,277,-0.699999988,-3.400000095,0
12/5/2015 2:00,0,226.3000031,0,101830,0.0037,277,-1.100000024,-3.200000048,0
12/5/2015 3:00,0,222.6000061,0,101890,0.0037,276.6000061,-1.399999976,-3,0
12/5/2015 4:00,0,222.6000061,0,101860,0.0036,276,-1.399999976,-3,0
12/5/2015 5:00,0,222.6000061,0,101850,0.0036,274.2000122,-1.300000072,-3,0
12/5/2015 6:00,0,220.8000031,0,101800,0.0035,273.8999939,-1.300000072,-3,0
12/5/2015 7:00,0,220.8000031,0,101920,0.0035,273.8000183,-1.300000072,-3,0
12/5/2015 8:00,0,220.8000031,0,101980,0.0033,272.3999939,-1.200000048,-3.100000143,0
12/5/2015 9:00,0,221.6000061,0,101960,0.0033,272.6000061,-1.200000048,-3.100000143,0
12/5/2015 10:00,0,221.6000061,0,102000,0.0032,272.6000061,-1.300000072,-3,0
12/5/2015 11:00,0,221.6000061,0,102040,0.0033,273.3999939,-1.399999976,-2.900000095,0
12/5/2015 12:00,0,227.8000031,0,102080,0.0033,272.8000183,-1.5,-2.799999952,0
12/5/2015 13:00,0,227.8000031,106.9000015,102150,0.0036,273.7000122,-1.700000048,-3.200000048,0
12/5/2015 14:00,0,227.8000031,258.8000183,102200,0.0036,277.1000061,-1.899999976,-3.600000143,0
12/5/2015 15:00,0,253.8000031,414.5,102230,0.0036,279.8999939,-2.100000143,-3.900000095,0
12/5/2015 16:00,0,253.8000031,501.8000183,102180,0.0035,282.7000122,-2.5,-3.900000095,0
12/5/2015 17:00,0,253.8000031,526.1000366,102070,0.0034,284.2000122,-2.900000095,-3.900000095,0
12/5/2015 18:00,0,269,507.2000122,101960,0.0034,285.5,-3.299999952,-3.799999952,0
12/5/2015 19:00,0,269,444.3000183,101880,0.0035,286.7000122,-3,-3.700000048,0
12/5/2015 20:00,0,269,344.8999939,101860,0.0036,287.2000122,-2.600000143,-3.600000143,0
12/5/2015 21:00,0,261.2000122,149,101890,0.0035,286.3999939,-2.299999952,-3.5,0
12/5/2015 22:00,0,261.3000183,25.20000076,101950,0.0037,285.2000122,-2.200000048,-3.299999952,0
12/5/2015 23:00,0,261.3000183,0,101960,0.004,282.3999939,-2.200000048,-3.100000143,0
12/6/2015 0:00,0,250.1999969,0,101960,0.0038,281,-2.200000048,-2.900000095,0
12/6/2015 1:00,0,250.1999969,0,102030,0.0038,280.5,-2.200000048,-2.900000095,0
12/6/2015 2:00,0,250.1999969,0,102060,0.0039,279.8000183,-2.200000048,-3,0
12/6/2015 3:00,0,251.1999969,0,102000,0.0039,278.8000183,-2.200000048,-3,0
12/6/2015 4:00,0,251.1999969,0,102010,0.0038,277.3000183,-2.200000048,-2.799999952,0
12/6/2015 5:00,0,251.1999969,0,102030,0.0038,277.3999939,-2.200000048,-2.700000048,0
12/6/2015 6:00,0,267.7000122,0,101930,0.0039,277.5,-2.200000048,-2.600000143,0
12/6/2015 7:00,0,267.7000122,0,101950,0.0038,277.2000122,-2,-2.700000048,0
12/6/2015 8:00,0,267.7000122,0,101890,0.0039,276.8000183,-1.800000072,-2.799999952,0
12/6/2015 9:00,0,296.3999939,0,101850,0.0039,276.3999939,-1.600000024,-2.799999952,0
12/6/2015 10:00,0,296.3999939,0,101860,0.0038,275.7000122,-1.5,-2.600000143,0
12/6/2015 11:00,0,296.3999939,0,101860,0.0038,274.8000183,-1.5,-2.400000095,0
12/6/2015 12:00,0,272.8999939,0,101870,0.0037,274.8000183,-1.5,-2.200000048,0
12/6/2015 13:00,0,272.8999939,102.2000046,101920,0.0039,275.3000183,-1.600000024,-2.400000095,0
12/6/2015 14:00,0,272.8000183,250.9000092,101900,0.0042,278.8000183,-1.600000024,-2.5,0
12/6/2015 15:00,0,279.3000183,403,101840,0.0044,282,-1.700000048,-2.600000143,0
12/6/2015 16:00,0,279.3000183,488.5,101810,0.0041,284.3000183,-1.800000072,-2.200000048,0
12/6/2015 17:00,0,279.3000183,512.6000366,101680,0.004,285.8999939,-2,-1.700000048,0
12/6/2015 18:00,0,296.8999939,495.6000061,101510,0.0037,287.8999939,-2.200000048,-1.300000072,0
12/6/2015 19:00,0,296.8999939,434.3000183,101380,0.0042,289.3000183,-2,-1.200000048,0
12/6/2015 20:00,0,296.8999939,337.2000122,101250,0.0045,290.1000061,-1.800000072,-1.200000048,0
12/6/2015 21:00,0,288.2000122,152.1999969,101200,0.0048,290,-1.600000024,-1.100000024,0
12/6/2015 22:00,0,288.2000122,25.70000076,101200,0.0054,287.5,-1.5,-0.800000012,0
12/6/2015 23:00,0,288.2000122,0,101190,0.0055,282.7000122,-1.5,-0.400000006,0
12/7/2015 0:00,0,278.1000061,0,101200,0.0056,282.1000061,-1.5,-0.100000001,0
12/7/2015 1:00,0,278.1000061,0,101250,0.0056,281.3000183,-1.300000072,-0.300000012,0
12/7/2015 2:00,0,278.1000061,0,101220,0.0053,279.5,-1,-0.600000024,0
12/7/2015 3:00,0,277.2000122,0,101170,0.0051,279.2000122,-0.800000012,-0.900000036,0
12/7/2015 4:00,0,277.2000122,0,101120,0.0048,277.6000061,-0.5,-1.399999976,0
12/7/2015 5:00,0,277.2000122,0,101090,0.005,277.8000183,-0.100000001,-1.899999976,0
12/7/2015 6:00,0,272.1000061,0,101050,0.0048,277.2000122,0.200000003,-2.400000095,0
12/7/2015 7:00,0,272.1000061,0,101020,0.0046,276.8000183,0.100000001,-2.400000095,0
12/7/2015 8:00,0,272.1000061,0,100930,0.0045,276,0,-2.299999952,0
12/7/2015 9:00,0,277.3000183,0,100860,0.0045,275.8000183,-0.100000001,-2.299999952,0
12/7/2015 10:00,0,277.3000183,0,100800,0.0045,275.5,0.200000003,-2.200000048,0
12/7/2015 11:00,0,277.3000183,0,100820,0.0045,275.7000122,0.400000006,-2.100000143,0
12/7/2015 12:00,0,319,0,100820,0.0044,275.3999939,0.699999988,-2,0
12/7/2015 13:00,0,318.8999939,69.90000153,100830,0.0045,276,0.900000036,-1.800000072,0
12/7/2015 14:00,0,318.8999939,174,100820,0.005,278.8999939,1,-1.600000024,0
12/7/2015 15:00,0,346.7000122,285.7000122,100780,0.0055,283.1000061,1.100000024,-1.399999976,0
12/7/2015 16:00,0,346.6000061,346.8999939,100690,0.0049,286.7000122,1,-1.5,0
12/7/2015 17:00,0,346.6000061,364.3000183,100590,0.0048,289.5,0.900000036,-1.700000048,0
12/7/2015 18:00,0,342.1000061,424,100440,0.005,290.7000122,0.699999988,-1.800000072,0
12/7/2015 19:00,0,342.1000061,371.7000122,100320,0.0052,291.3999939,1,-1.800000072,0
12/7/2015 20:00,0,342.1000061,288.7000122,100280,0.0054,291.7000122,1.300000072,-1.700000048,0
12/7/2015 21:00,0,350.8000183,132.6000061,100300,0.0055,291.8999939,1.5,-1.700000048,0
12/7/2015 22:00,0,350.8000183,22.39999962,100340,0.0057,289.7000122,1.200000048,-1.5,0
12/7/2015 23:00,0,350.8000183,0,100340,0.0058,285.8000183,0.900000036,-1.300000072,0
12/8/2015 0:00,0,317.1000061,0,100400,0.0058,283,0.5,-1.100000024,0
12/8/2015 1:00,0,317.1000061,0,100480,0.0057,281.8000183,0.5,-1,0
12/8/2015 2:00,0,317.1000061,0,100490,0.0058,281.8000183,0.600000024,-1,0
12/8/2015 3:00,0,272.7000122,0,100470,0.0057,281.8000183,0.600000024,-0.900000036,0
12/8/2015 4:00,0,272.7000122,0,100500,0.0054,280.8999939,0.600000024,-0.600000024,0
12/8/2015 5:00,0,272.7000122,0,100520,0.0052,279.6000061,0.699999988,-0.400000006,0
12/8/2015 6:00,0,265.1000061,0,100440,0.0052,280.7000122,0.699999988,-0.100000001,0
12/8/2015 7:00,0,265.1000061,0,100490,0.0052,279,0.699999988,-0.300000012,0
12/8/2015 8:00,0,265.1000061,0,100550,0.005,277.8000183,0.800000012,-0.5,0
12/8/2015 9:00,0,260.3000183,0,100470,0.0049,277.3999939,0.800000012,-0.699999988,0
12/8/2015 10:00,0,260.3000183,0,100440,0.0047,276,0.5,-0.699999988,0
12/8/2015 11:00,0,260.3000183,0,100520,0.0042,274.8000183,0.100000001,-0.699999988,0
12/8/2015 12:00,0,258,0,100560,0.0045,275.6000061,-0.300000012,-0.699999988,0
12/8/2015 13:00,0,257.8999939,98,100650,0.0045,275.3999939,-0.400000006,-0.600000024,0
12/8/2015 14:00,0,257.8999939,247.3000031,100670,0.0055,279.5,-0.600000024,-0.400000006,0
12/8/2015 15:00,0,285.2000122,404.1000061,100730,0.0056,282.8000183,-0.699999988,-0.300000012,0
12/8/2015 16:00,0,285.2000122,491.3000183,100710,0.0054,285.7000122,-0.699999988,0.5,0
12/8/2015 17:00,0,285.2000122,516.5,100580,0.0053,287.8999939,-0.699999988,1.300000072,0
12/8/2015 18:00,0,291.1000061,501.8000183,100480,0.0052,289.1000061,-0.600000024,2.100000143,0
12/8/2015 19:00,0,291.1000061,440.1000061,100400,0.0056,290.5,-0.200000003,2.400000095,0
12/8/2015 20:00,0,291.1000061,342,100420,0.0059,290.5,0.200000003,2.700000048,0
12/8/2015 21:00,0,279.8999939,148.4000092,100320,0.0064,290,0.600000024,3,0
12/8/2015 22:00,0,279.8999939,25.20000076,100360,0.0064,288.3999939,0.200000003,2.799999952,0
12/8/2015 23:00,0,279.8999939,0,100370,0.0065,284.3999939,-0.100000001,2.5,0
12/9/2015 0:00,0,263.8999939,0,100390,0.0066,282.3999939,-0.400000006,2.299999952,0
12/9/2015 1:00,0,263.8999939,0,100480,0.0064,281.7000122,-0.699999988,2.299999952,0
12/9/2015 2:00,0,263.8999939,0,100490,0.0063,281.2000122,-1,2.299999952,0
12/9/2015 3:00,0,258.7000122,0,100430,0.0059,280.1000061,-1.399999976,2.299999952,0
12/9/2015 4:00,0,258.7000122,0,100430,0.0057,279.5,-0.800000012,2.100000143,0
12/9/2015 5:00,0,258.7000122,0,100430,0.0055,278.8999939,-0.300000012,2,0
12/9/2015 6:00,0,255.6000061,0,100400,0.0052,278.3999939,0.300000012,1.899999976,0
12/9/2015 7:00,0,255.6000061,0,100440,0.005,277.8000183,0.100000001,1.800000072,0
12/9/2015 8:00,0,255.6000061,0,100450,0.005,277.5,0,1.700000048,0
12/9/2015 9:00,0,256.8999939,0,100350,0.0052,278,-0.200000003,1.600000024,0
12/9/2015 10:00,0,256.8999939,0,100370,0.005,277.6000061,-0.400000006,1.899999976,0
12/9/2015 11:00,0,256.8999939,0,100400,0.0049,277,-0.600000024,2.200000048,0
12/9/2015 12:00,0,267.6000061,0,100430,0.0043,275.1000061,-0.699999988,2.5,0
12/9/2015 13:00,0,267.6000061,94.40000153,100470,0.0045,275.3999939,-0.699999988,1.899999976,0
12/9/2015 14:00,0,267.6000061,241.6000061,100540,0.0053,278.8000183,-0.600000024,1.200000048,0
12/9/2015 15:00,0,295.8000183,376,100480,0.006,282.3000183,-0.600000024,0.5,0
12/9/2015 16:00,0,295.8000183,457.8999939,100450,0.0056,286.5,-0.300000012,1.200000048,0
12/9/2015 17:00,0,295.7000122,481.8999939,100290,0.0049,289.3999939,0,1.800000072,0
12/9/2015 18:00,0,304.3000183,491.5,100150,0.0047,290.2000122,0.400000006,2.400000095,0
12/9/2015 19:00,0,304.3000183,431.3999939,100050,0.0046,291,0.800000012,2.200000048,0
12/9/2015 20:00,0,304.3000183,335.3999939,100040,0.0043,291.3000183,1.200000048,2.100000143,0
12/9/2015 21:00,0,292.3000183,145.1999969,100020,0.0046,290.8000183,1.600000024,1.899999976,0
12/9/2015 22:00,0,292.3000183,24.70000076,100070,0.005,288.2000122,1.899999976,1.100000024,0
12/9/2015 23:00,0,292.3000183,0,100080,0.0051,284.7000122,2.200000048,0.300000012,0
12/10/2015 0:00,0,274.6000061,0,100090,0.0052,284,2.5,-0.5,0
12/10/2015 1:00,0,274.6000061,0,100120,0.0054,282,2.200000048,-0.900000036,0
12/10/2015 2:00,0,274.7000122,0,100160,0.0052,281.3000183,1.899999976,-1.200000048,0
12/10/2015 3:00,0,272.7000122,0,100100,0.0051,281.3999939,1.600000024,-1.600000024,0
12/10/2015 4:00,0,272.7000122,0,100080,0.0053,281.3999939,1.600000024,-1.300000072,0
12/10/2015 5:00,0,272.7000122,0,100140,0.0054,281,1.600000024,-0.900000036,0
12/10/2015 6:00,0,280.6000061,0,100110,0.0054,279.3000183,1.600000024,-0.5,0
12/10/2015 7:00,0,280.6000061,0,100070,0.0051,280.3000183,1.600000024,-0.5,0
12/10/2015 8:00,0,280.6000061,0,100060,0.0052,279.5,1.600000024,-0.400000006,0
12/10/2015 9:00,0,314.7000122,0,100050,0.0053,279.6000061,1.600000024,-0.300000012,0
12/10/2015 10:00,0,314.7000122,0,100030,0.0051,279.6000061,0.900000036,-0.200000003,0
12/10/2015 11:00,0,314.7000122,0,100070,0.0052,279.3000183,0.200000003,0,0
12/10/2015 12:00,0,298.8999939,0,100070,0.0052,278.6000061,-0.5,0.200000003,0
12/10/2015 13:00,0,298.8999939,91.90000153,100190,0.0048,277.8999939,0,0,0
12/10/2015 14:00,0,298.8999939,238.6999969,100170,0.0057,282.5,0.5,-0.100000001,0
12/10/2015 15:00,0,304.5,390.7000122,100250,0.0063,286.8999939,1,-0.200000003,0
12/10/2015 16:00,0,304.5,476.3999939,100190,0.0071,289.8000183,1.399999976,0.600000024,0
12/10/2015 17:00,0,304.3999939,501.8000183,100040,0.0076,292.5,1.899999976,1.5,0
12/10/2015 18:00,0,345.8999939,421.5,99990,0.0079,293.3999939,2.299999952,2.299999952,0
12/10/2015 19:00,0,345.8999939,370.1000061,99930,0.0077,293.6000061,2,2.799999952,0
12/10/2015 20:00,0,345.8999939,287.8999939,99930,0.0076,293.6000061,1.700000048,3.299999952,0
12/10/2015 21:00,0,342.3999939,129.8000031,99900,0.0078,293.1000061,1.399999976,3.799999952,0
12/10/2015 22:00,0,342.3999939,22.30000114,99950,0.0077,291.7000122,1.100000024,3.5,0
12/10/2015 23:00,0,342.3999939,0,99940,0.0081,288.8999939,0.699999988,3.200000048,0
12/11/2015 0:00,0,343.6000061,0,99940,0.0082,287.3000183,0.300000012,2.900000095,0
12/11/2015 1:00,0,343.6000061,0,100000,0.0081,287.6000061,0.100000001,2.600000143,0
12/11/2015 2:00,0,343.6000061,0,100050,0.0078,285.6000061,-0.100000001,2.299999952,0
12/11/2015 3:00,0,366.2000122,0,100050,0.0079,285.3000183,-0.200000003,2,0
12/11/2015 4:00,0,366.2000122,0,100040,0.0077,284.8999939,0.100000001,2.200000048,0
12/11/2015 5:00,0,366.2000122,0,100000,0.0077,285.5,0.400000006,2.5,0
12/11/2015 6:00,0,368.3000183,0,99960,0.0073,284.8000183,0.699999988,2.700000048,0
12/11/2015 7:00,0,368.3000183,0,99970,0.0077,285,1.100000024,2.5,0
12/11/2015 8:00,0,368.3000183,0,100010,0.0075,285.3000183,1.5,2.200000048,0
12/11/2015 9:00,0,310,0,99980,0.0076,284.8999939,1.800000072,1.899999976,0
12/11/2015 10:00,0,310,0,100000,0.0073,283.7000122,1.600000024,2,0
12/11/2015 11:00,0,310,0,100130,0.0075,283.7000122,1.300000072,2,0
12/11/2015 12:00,0,299.1000061,0,100150,0.0074,282.5,1,2.100000143,0
12/11/2015 13:00,0,299.1000061,87.59999847,100230,0.0076,283.8999939,1.100000024,1.899999976,0
12/11/2015 14:00,0,299.1000061,230.8000031,100320,0.008599999,285.2000122,1.300000072,1.600000024,0
12/11/2015 15:00,0,331.3999939,382.3999939,100360,0.009699999,287.6000061,1.399999976,1.399999976,0
12/11/2015 16:00,0,331.3999939,467,100390,0.0099,288.5,1.700000048,2.100000143,0
12/11/2015 17:00,0,331.3999939,492.3000183,100370,0.010199999,289.7000122,2,2.799999952,0
12/11/2015 18:00,0,353.6000061,474.3999939,100310,0.0112,291.5,2.400000095,3.5,0
12/11/2015 19:00,0,353.6000061,416.8000183,100300,0.0106,294.7000122,2.299999952,3.700000048,0
12/11/2015 20:00,0,353.6000061,324.3999939,100230,0.010199999,295.3000183,2.299999952,3.799999952,0
12/11/2015 21:00,0,347.6000061,137.5,100210,0.0104,294.8000183,2.200000048,4,0
12/11/2015 22:00,0,347.6000061,23.80000114,100250,0.0107,293.2000122,1.700000048,3.799999952,0
12/11/2015 23:00,0,347.6000061,0,100290,0.0107,290.2000122,1.100000024,3.5,0
12/12/2015 0:00,0,331.3999939,0,100330,0.0109,290.2000122,0.5,3.299999952,0
12/12/2015 1:00,0,331.3999939,0,100420,0.01,288.3000183,0.5,3.200000048,0
12/12/2015 2:00,0,331.3999939,0,100420,0.0099,287.6000061,0.5,3.100000143,0
12/12/2015 3:00,0,328,0,100480,0.0101,288,0.5,3,0
12/12/2015 4:00,0,328,0,100510,0.0098,287.2000122,1.100000024,3,0
12/12/2015 5:00,0,328,0,100560,0.0094,286.8000183,1.800000072,3,0
12/12/2015 6:00,0,325.2000122,0,100600,0.009699999,287.1000061,2.5,3,0
12/12/2015 7:00,0,325.2000122,0,100630,0.0098,287.7000122,2.400000095,2.900000095,0
12/12/2015 8:00,0,325.2000122,0,100660,0.009699999,287.3999939,2.200000048,2.799999952,0
12/12/2015 9:00,0,319.8000183,0,100670,0.0096,287.5,2.100000143,2.700000048,0
12/12/2015 10:00,0,319.8000183,0,100670,0.009699999,287.3999939,1.600000024,2.700000048,0
12/12/2015 11:00,0,319.8999939,0,100740,0.0095,286.8999939,1.200000048,2.600000143,0
12/12/2015 12:00,0,316.8999939,0,100830,0.009099999,286.2000122,0.800000012,2.600000143,0
12/12/2015 13:00,0,316.8999939,84.40000153,100870,0.0094,286.5,1.200000048,2.400000095,0
12/12/2015 14:00,0,316.8999939,225.4000092,100930,0.01,288.1000061,1.600000024,2.200000048,0
12/12/2015 15:00,0,342.3999939,377.3000183,100960,0.010799999,291.1000061,1.899999976,2,0
12/12/2015 16:00,0,342.3999939,461.5,100960,0.0109,293.2000122,2.400000095,1.899999976,0
12/12/2015 17:00,0,342.3999939,487,100820,0.0101,295.1000061,2.900000095,1.800000072,0
12/12/2015 18:00,0,354.3000183,475.7000122,100790,0.01,296.1000061,3.400000095,1.800000072,0
12/12/2015 19:00,0,354.3000183,418.2000122,100720,0.0101,297,3.100000143,2,0
12/12/2015 20:00,0,354.3000183,325.8000183,100670,0.0103,297.2000122,2.900000095,2.299999952,0
12/12/2015 21:00,0,339.3999939,157.1999969,100680,0.0099,296.3999939,2.600000143,2.5,0
12/12/2015 22:00,0,339.3999939,27.5,100730,0.0106,293.8999939,2.400000095,2.400000095,0
12/12/2015 23:00,0,339.3999939,0,100740,0.0106,291.3000183,2.200000048,2.299999952,0
12/13/2015 0:00,0,318.2000122,0,100780,0.0107,290.3999939,2,2.299999952,0
12/13/2015 1:00,0,318.2000122,0,100810,0.0104,288.6000061,1.5,2.100000143,0
12/13/2015 2:00,0,318.2000122,0,100860,0.0098,286.8000183,0.900000036,1.899999976,0
12/13/2015 3:00,0,310.3999939,0,100830,0.009099999,285.7000122,0.300000012,1.700000048,0
12/13/2015 4:00,0,310.3999939,0,100840,0.008599999,285.3000183,0.800000012,1.800000072,0
12/13/2015 5:00,0,310.3999939,0,100850,0.009,286,1.200000048,1.800000072,0
12/13/2015 6:00,0,301.7000122,0,100850,0.0083,284.5,1.600000024,1.899999976,0
12/13/2015 7:00,0,301.7000122,0,100820,0.007999999,284.3000183,1.300000072,1.899999976,0
12/13/2015 8:00,0,301.7000122,0,100810,0.0069,283.2000122,0.900000036,1.800000072,0
12/13/2015 9:00,0,293.3999939,0,100760,0.0073,283.2000122,0.5,1.800000072,0
12/13/2015 10:00,0,293.3999939,0,100750,0.0073,282.3999939,0,1.399999976,0
12/13/2015 11:00,0,293.5,0,100780,0.0074,282.7000122,-0.5,1,0
12/13/2015 12:00,0,299.3999939,0,100810,0.0068,280.8999939,-1.100000024,0.600000024,0
12/13/2015 13:00,0,299.3999939,83.90000153,100790,0.0071,281.8000183,-1,0.100000001,0
12/13/2015 14:00,0,299.3999939,227.4000092,100860,0.0079,284.2000122,-0.900000036,-0.300000012,0
12/13/2015 15:00,0,331.2000122,369,100800,0.008599999,287.8000183,-0.900000036,-0.800000012,0
12/13/2015 16:00,0,331.1000061,452,100790,0.0089,291.3000183,-0.900000036,0.400000006,0
12/13/2015 17:00,0,331.1000061,477.3000183,100700,0.0084,293.1000061,-0.900000036,1.600000024,0
12/13/2015 18:00,0,345.1000061,456.8000183,100580,0.0098,294.3999939,-0.900000036,2.799999952,0
12/13/2015 19:00,0,345.1000061,401.8999939,100490,0.0095,295,-1.300000072,2.799999952,0
12/13/2015 20:00,0,345.1000061,313.3000183,100420,0.0103,295.5,-1.600000024,2.900000095,0
12/13/2015 21:00,0,324.3000183,145,100370,0.0105,294.8999939,-2,3,0
12/13/2015 22:00,0,324.3000183,25.70000076,100400,0.0111,292.8000183,-2.200000048,2.400000095,0
12/13/2015 23:00,0,324.3000183,0,100370,0.0109,290.1000061,-2.400000095,1.700000048,0
12/14/2015 0:00,0,330,0,100370,0.0109,289,-2.600000143,1.100000024,0
12/14/2015 1:00,0,330,0,100360,0.011299999,289.8999939,-2.799999952,1.200000048,0
12/14/2015 2:00,0,330,0,100380,0.011299999,289.8999939,-2.900000095,1.300000072,0
12/14/2015 3:00,0,317.3999939,0,100320,0.0112,289.5,-3.100000143,1.399999976,0
12/14/2015 4:00,0,317.3999939,0,100260,0.0109,289.1000061,-2.900000095,1.899999976,0
12/14/2015 5:00,0,317.3999939,0,100270,0.0111,289,-2.700000048,2.400000095,0
12/14/2015 6:00,0,324.3000183,0,100200,0.011399999,289.2000122,-2.400000095,2.900000095,0
12/14/2015 7:00,0,324.3000183,0,100130,0.0112,289.3000183,-1.899999976,2.900000095,0
12/14/2015 8:00,0,324.3000183,0,100020,0.011399999,289.3999939,-1.5,3,0
12/14/2015 9:00,0,358.3000183,0,99880,0.0115,290,-1,3,0
12/14/2015 10:00,0,358.3000183,0,99810,0.0118,289.8999939,-1.600000024,3.100000143,0
12/14/2015 11:00,0,358.3000183,0,99780,0.012,289.8999939,-2.200000048,3.200000048,0
12/14/2015 12:00,0,381.1000061,0,99710,0.0117,289.8999939,-2.799999952,3.299999952,0
12/14/2015 13:00,0,381.1000061,37,99680,0.0123,290.8000183,-2.100000143,3.799999952,0
12/14/2015 14:00,0,381.1000061,101.8000031,99650,0.0126,291.3000183,-1.399999976,4.300000191,7.38E-07
12/14/2015 15:00,1.5,392.8999939,181.9000092,99570,0.0129,291.5,-0.699999988,4.800000191,0
12/14/2015 16:00,0,392.8999939,223.1000061,99410,0.0134,292.6000061,-0.200000003,4.900000095,0
12/14/2015 17:00,0,392.8999939,235.8000031,99350,0.0139,293.3999939,0.300000012,4.900000095,0
12/14/2015 18:00,0,405.2000122,161.5,99270,0.0143,293.8000183,0.699999988,4.900000095,0
12/14/2015 19:00,0,405.2000122,142.1000061,99290,0.014599999,295,1.200000048,4.5,5.09E-08
12/14/2015 20:00,0.100000001,405.2000122,110.9000015,99160,0.013499999,293.6000061,1.600000024,4.099999905,2.16E-06
12/14/2015 21:00,4.300000191,395.7000122,43.79999924,99230,0.0123,291.6000061,2.100000143,3.700000048,0
12/14/2015 22:00,0,395.7000122,7.900000095,99140,0.012,290.5,2.200000048,3.400000095,0
12/14/2015 23:00,0,395.7000122,0,99170,0.0121,290.7000122,2.400000095,3.100000143,0
12/15/2015 0:00,0,333.3999939,0,99160,0.012,290.3000183,2.5,2.700000048,0
12/15/2015 1:00,0,333.3999939,0,99170,0.011899999,290.3999939,3.100000143,2.900000095,0
12/15/2015 2:00,0,333.3999939,0,99250,0.0117,290,3.600000143,3,0
12/15/2015 3:00,0,304.2000122,0,99280,0.011299999,289.3000183,4.200000286,3.100000143,0
12/15/2015 4:00,0,304.2000122,0,99310,0.0109,288.5,4.200000286,2.700000048,0
12/15/2015 5:00,0,304.2000122,0,99320,0.009699999,288.2000122,4.300000191,2.200000048,0
12/15/2015 6:00,0,287.3999939,0,99320,0.009,286.8999939,4.300000191,1.700000048,0
12/15/2015 7:00,0,287.3999939,0,99360,0.0084,286.8000183,4.099999905,1.5,0
12/15/2015 8:00,0,287.3999939,0,99340,0.0074,286.1000061,3.900000095,1.200000048,0
12/15/2015 9:00,0,278.3999939,0,99330,0.007,285.5,3.700000048,0.900000036,0
12/15/2015 10:00,0,278.3999939,0,99390,0.0069,284.8000183,3.5,0.900000036,0
12/15/2015 11:00,0,278.3999939,0,99390,0.0067,284.6000061,3.299999952,0.800000012,0
12/15/2015 12:00,0,270.3000183,0,99480,0.0067,283.3000183,3.100000143,0.699999988,0
12/15/2015 13:00,0,270.3000183,82.5,99590,0.007,282.7000122,3.100000143,0.300000012,0
12/15/2015 14:00,0,270.3000183,230,99630,0.0073,284.7000122,3,-0.100000001,0
12/15/2015 15:00,0,301.2000122,386.7000122,99670,0.0071,287.2000122,2.900000095,-0.600000024,0
12/15/2015 16:00,0,301.2000122,475.1000061,99630,0.0073,289.7000122,2.700000048,-0.100000001,0
12/15/2015 17:00,0,301.2000122,502.6000061,99560,0.0072,291.7000122,2.5,0.300000012,0
12/15/2015 18:00,0,315.8000183,490,99520,0.007,293.6000061,2.200000048,0.699999988,0
12/15/2015 19:00,0,315.8000183,431.7000122,99480,0.0072,295.2000122,2,0.5,0
12/15/2015 20:00,0,315.8000183,337.1000061,99490,0.0069,295.6000061,1.700000048,0.200000003,0
12/15/2015 21:00,0,305.8999939,148.5,99550,0.0071,295.3999939,1.399999976,0,0
12/15/2015 22:00,0,305.8999939,27.20000076,99600,0.0081,292.3999939,1.100000024,0.300000012,0
12/15/2015 23:00,0,306,0,99620,0.0083,288.2000122,0.699999988,0.5,0
12/16/2015 0:00,0,288.8999939,0,99650,0.0084,286.3000183,0.400000006,0.800000012,0
12/16/2015 1:00,0,288.8999939,0,99710,0.007999999,285.5,0.200000003,0.100000001,0
12/16/2015 2:00,0,288.8999939,0,99710,0.0083,285,0,-0.699999988,0
12/16/2015 3:00,0,282.2000122,0,99740,0.0082,284.7000122,-0.300000012,-1.399999976,0
12/16/2015 4:00,0,282.2000122,0,99800,0.0078,283.8000183,-0.400000006,-1.200000048,0
12/16/2015 5:00,0,282.2000122,0,99830,0.0069,281.2000122,-0.600000024,-1,0
12/16/2015 6:00,0,277,0,99820,0.0069,282,-0.699999988,-0.900000036,0
12/16/2015 7:00,0,277,0,99890,0.0065,280.6000061,-0.900000036,-0.800000012,0
12/16/2015 8:00,0,277,0,99930,0.0063,279.8999939,-1.200000048,-0.800000012,0
12/16/2015 9:00,0,272.8000183,0,99880,0.0062,280.5,-1.399999976,-0.800000012,0
12/16/2015 10:00,0,272.8000183,0,99880,0.006,280.2000122,-1.800000072,-0.800000012,0
12/16/2015 11:00,0,272.8000183,0,99980,0.0054,278.3000183,-2.200000048,-0.800000012,0
12/16/2015 12:00,0,267.5,0,100000,0.0055,278.2000122,-2.700000048,-0.800000012,0
12/16/2015 13:00,0,267.5,81.30000305,100070,0.0059,279.2000122,-2.5,-0.900000036,0
12/16/2015 14:00,0,267.5,230.1000061,100140,0.0068,281.5,-2.299999952,-1,0
12/16/2015 15:00,0,293.8999939,387.3999939,100190,0.0075,284.8000183,-2.200000048,-1.100000024,0
12/16/2015 16:00,0,293.8999939,476.6000061,100110,0.0085,288.7000122,-2.5,-0.600000024,0
12/16/2015 17:00,0,293.8999939,504.7000122,100060,0.0076,291.8000183,-2.900000095,-0.100000001,0
12/16/2015 18:00,0,310.1000061,489.3000183,99980,0.0076,293.8000183,-3.299999952,0.400000006,0
12/16/2015 19:00,0,310.1000061,431.3000183,99930,0.0079,295,-3.100000143,0.600000024,0
12/16/2015 20:00,0,310.1000061,337.2000122,99920,0.007999999,295.2000122,-2.799999952,0.800000012,0
12/16/2015 21:00,0,305.8000183,148.1000061,99810,0.0079,294.7000122,-2.600000143,1,0
12/16/2015 22:00,0,305.8000183,27.60000038,99850,0.0083,291.8999939,-2.799999952,0.600000024,0
12/16/2015 23:00,0,305.8000183,0,99890,0.0087,290.1000061,-3,0.300000012,0
12/17/2015 0:00,0,311.5,0,99900,0.0089,288.7000122,-3.200000048,0,0
12/17/2015 1:00,0,311.5,0,100010,0.008599999,286,-2.900000095,0.100000001,0
12/17/2015 2:00,0,311.5,0,100000,0.008599999,286.3000183,-2.600000143,0.200000003,0
12/17/2015 3:00,0,342,0,99940,0.0085,286.6000061,-2.299999952,0.400000006,2.37E-07
12/17/2015 4:00,0.5,342,0,99910,0.0088,287.5,-1.800000072,0.400000006,4.77E-07
12/17/2015 5:00,1,342,0,99930,0.0093,287.2000122,-1.300000072,0.5,1.43E-06
12/17/2015 6:00,3,382.5,0,99760,0.0095,286.5,-0.800000012,0.5,4.73E-07
12/17/2015 7:00,1,382.3999939,0,99720,0.0094,286.6000061,-1.200000048,0.600000024,1.04E-06
12/17/2015 8:00,2.200000048,382.3999939,0,99740,0.0095,286.6000061,-1.600000024,0.699999988,0
12/17/2015 9:00,0,382.6000061,0,99710,0.0093,286.5,-2,0.699999988,0
12/17/2015 10:00,0,382.6000061,0,99590,0.009,286.2000122,-2.400000095,0.699999988,0
12/17/2015 11:00,0,382.6000061,0,99510,0.009099999,286.6000061,-2.799999952,0.699999988,1.42E-06
12/17/2015 12:00,3,384.2000122,0,99450,0.0093,286.3999939,-3.200000048,0.600000024,2.08E-06
12/17/2015 13:00,4.400000095,384.2000122,34.5,99540,0.0095,286.5,-3,1.5,2.08E-06
12/17/2015 14:00,4.400000095,384.2000122,99.20000458,99540,0.009699999,286.8999939,-2.799999952,2.400000095,7.59E-07
12/17/2015 15:00,1.600000024,404.2000122,157,99420,0.0098,287.3000183,-2.700000048,3.299999952,1.09E-06
12/17/2015 16:00,2.299999952,404.2000122,193.4000092,99470,0.0098,287,-0.600000024,4.300000191,1.80E-06
12/17/2015 17:00,3.799999952,404.2000122,204.9000092,99360,0.0098,286.8999939,1.5,5.400000095,0
12/17/2015 18:00,0,380.2000122,242.6999969,99310,0.0106,288,3.600000143,6.400000095,0
12/17/2015 19:00,0,380.2000122,214.1000061,99360,0.011,289.3000183,3.799999952,5.599999905,0
12/17/2015 20:00,0,380.2000122,167.6000061,99280,0.011399999,289.2000122,4,4.800000191,0
12/17/2015 21:00,0,371.1000061,72.30000305,99260,0.011399999,289.7000122,4.200000286,4,0
12/17/2015 22:00,0,371.1000061,13.69999981,99260,0.011899999,289.7000122,3.700000048,3.900000095,0
12/17/2015 23:00,0,371.1000061,0,99330,0.011299999,289,3.200000048,3.700000048,0
12/18/2015 0:00,0,361.8000183,0,99330,0.0112,289.2000122,2.700000048,3.5,0
12/18/2015 1:00,0,361.8000183,0,99410,0.011,288.8000183,2.200000048,3.200000048,0
12/18/2015 2:00,0,361.8000183,0,99440,0.0109,288.6000061,1.700000048,2.900000095,0
12/18/2015 3:00,0,363.8000183,0,99430,0.0107,288.3999939,1.200000048,2.600000143,0
12/18/2015 4:00,0,363.8000183,0,99460,0.0107,288.6000061,1.5,2.600000143,0
12/18/2015 5:00,0,363.8000183,0,99360,0.0107,288.1000061,1.700000048,2.600000143,0
12/18/2015 6:00,0,344.3999939,0,99320,0.0107,287.7000122,1.899999976,2.700000048,0
12/18/2015 7:00,0,344.3999939,0,99370,0.0104,288.1000061,2,2.400000095,0
12/18/2015 8:00,0,344.3999939,0,99390,0.0096,287.6000061,2.200000048,2.200000048,0
12/18/2015 9:00,0,321,0,99340,0.0094,286.7000122,2.299999952,1.899999976,0
12/18/2015 10:00,0,321,0,99390,0.0084,285.3000183,3.100000143,1.800000072,0
12/18/2015 11:00,0,321,0,99440,0.0073,283.8000183,3.799999952,1.600000024,0
12/18/2015 12:00,0,269,0,99560,0.0069,282.8999939,4.599999905,1.5,0
12/18/2015 13:00,0,269,82.20000458,99630,0.0067,282.2000122,5.200000286,1.200000048,0
12/18/2015 14:00,0,269,239.3000031,99730,0.0063,282.3999939,5.700000286,0.800000012,0
12/18/2015 15:00,0,263.5,388.8000183,99880,0.006,282.2000122,6.300000191,0.5,0
12/18/2015 16:00,0,263.5,479.7000122,99910,0.0057,284,6.800000191,0.200000003,0
12/18/2015 17:00,0,263.5,508.8999939,99850,0.0051,285.1000061,7.300000191,-0.100000001,0
12/18/2015 18:00,0,260,503.1000061,99810,0.004,286.7000122,7.800000191,-0.400000006,0
12/18/2015 19:00,0,260,444.2000122,99810,0.0034,287.1000061,7.200000286,-1.5,0
12/18/2015 20:00,0,260,348,99920,0.0029,287.2000122,6.5,-2.600000143,0
12/18/2015 21:00,0,243.5,159.1999969,99950,0.0024,286.1000061,5.800000191,-3.700000048,0
12/18/2015 22:00,0,243.5,30.89999962,100130,0.0027,284.3999939,5.099999905,-3.400000095,0
12/18/2015 23:00,0,243.5,0,100260,0.003,282.2000122,4.400000095,-3.100000143,0
12/19/2015 0:00,0,225,0,100400,0.0031,280.5,3.600000143,-2.799999952,0
12/19/2015 1:00,0,225,0,100620,0.0029,278.8000183,3.400000095,-2.600000143,0
12/19/2015 2:00,0,225,0,100790,0.0028,277,3.200000048,-2.299999952,0
12/19/2015 3:00,0,214.6999969,0,100840,0.0028,276,2.900000095,-2.100000143,0
12/19/2015 4:00,0,214.6999969,0,100940,0.0029,275.2000122,2.799999952,-2.100000143,0
12/19/2015 5:00,0,214.6999969,0,101020,0.0028,274.8000183,2.700000048,-2,0
12/19/2015 6:00,0,206.6000061,0,101050,0.0022,274.1000061,2.600000143,-2,0
12/19/2015 7:00,0,206.6000061,0,101070,0.0025,272.6000061,2.600000143,-1.800000072,0
12/19/2015 8:00,0,206.6000061,0,101130,0.0024,272.1000061,2.600000143,-1.5,0
12/19/2015 9:00,0,204.6000061,0,101190,0.0025,271.7000122,2.5,-1.200000048,0
12/19/2015 10:00,0,204.6000061,0,101210,0.0026,271.7000122,2.400000095,-0.400000006,0
12/19/2015 11:00,0,204.6000061,0,101340,0.0028,270.6000061,2.200000048,0.400000006,0
12/19/2015 12:00,0,209.1000061,0,101420,0.0027,270.7000122,2,1.200000048,0
12/19/2015 13:00,0,209.1000061,79,101550,0.0029,271.3000183,2.100000143,0.900000036,0
12/19/2015 14:00,0,209.1000061,233,101560,0.0029,273.5,2.200000048,0.600000024,0
12/19/2015 15:00,0,230.1000061,394.3000183,101690,0.0028,276.3999939,2.299999952,0.300000012,0
12/19/2015 16:00,0,230.1000061,487,101620,0.0023,279.3000183,2.900000095,0.699999988,0
12/19/2015 17:00,0,230.1000061,517.1000366,101550,0.0021,280.8000183,3.5,1,0
12/19/2015 18:00,0,240.4000092,507.7000122,101500,0.0017,281.7000122,4.099999905,1.300000072,0
12/19/2015 19:00,0,240.4000092,448.6000061,101460,0.0019,282.6000061,3.900000095,1,0
12/19/2015 20:00,0,240.4000092,351.8000183,101410,0.0021,283.3999939,3.700000048,0.699999988,0
12/19/2015 21:00,0,233.6000061,162.1999969,101410,0.0021,283.7000122,3.5,0.400000006,0
12/19/2015 22:00,0,233.6000061,32.10000229,101450,0.0021,282.3000183,3.200000048,0.699999988,0
12/19/2015 23:00,0,233.6000061,0,101540,0.0027,278.8000183,2.900000095,1,0
12/20/2015 0:00,0,224,0,101560,0.003,276.5,2.600000143,1.300000072,0
12/20/2015 1:00,0,224,0,101590,0.0031,275.8999939,2.299999952,0.900000036,0
12/20/2015 2:00,0,224,0,101580,0.003,274.6000061,2.100000143,0.600000024,0
12/20/2015 3:00,0,220.3000031,0,101540,0.003,273.8000183,1.800000072,0.200000003,0
12/20/2015 4:00,0,220.3000031,0,101590,0.003,273.3000183,1.399999976,-0.400000006,0
12/20/2015 5:00,0,220.3000031,0,101620,0.0029,271.8000183,1,-1.100000024,0
12/20/2015 6:00,0,218,0,101610,0.003,272.1000061,0.600000024,-1.700000048,0
12/20/2015 7:00,0,218,0,101640,0.003,271.1000061,0.400000006,-2.100000143,0
12/20/2015 8:00,0,218,0,101660,0.003,271.5,0.200000003,-2.400000095,0
12/20/2015 9:00,0,215.8000031,0,101690,0.0029,271.6000061,0,-2.799999952,0
12/20/2015 10:00,0,215.8000031,0,101700,0.0028,271,-0.400000006,-2.200000048,0
12/20/2015 11:00,0,215.8000031,0,101720,0.0028,271.2000122,-0.800000012,-1.600000024,0
12/20/2015 12:00,0,219.6999969,0,101720,0.0028,271.2000122,-1.300000072,-1,0
12/20/2015 13:00,0,219.6999969,76.80000305,101850,0.0029,271.2000122,-1.5,-0.800000012,0
12/20/2015 14:00,0,219.6999969,229.6999969,101960,0.0032,274.5,-1.700000048,-0.699999988,0
12/20/2015 15:00,0,242.6999969,390.3999939,101930,0.003,278.6000061,-1.899999976,-0.5,0
12/20/2015 16:00,0,242.6999969,482.8999939,101900,0.0028,282.1000061,-2.200000048,-0.100000001,0
12/20/2015 17:00,0,242.6000061,513.2000122,101840,0.0026,284.5,-2.5,0.400000006,0
12/20/2015 18:00,0,254.8000031,500.7000122,101820,0.0024,285.5,-2.799999952,0.800000012,0
12/20/2015 19:00,0,254.8000031,442.8000183,101720,0.0025,286.2000122,-2.700000048,0.900000036,0
12/20/2015 20:00,0,254.8000031,347.6000061,101690,0.0026,286.1000061,-2.5,0.900000036,0
12/20/2015 21:00,0,253.3000031,173,101590,0.0027,285.3999939,-2.299999952,1,0
12/20/2015 22:00,0,253.3000031,35.10000229,101600,0.0029,283.8999939,-2.700000048,1,0
12/20/2015 23:00,0,253.3000031,0,101630,0.0034,281.6000061,-3.100000143,1.100000024,0
12/21/2015 0:00,0,250.1000061,0,101610,0.0037,279.7000122,-3.600000143,1.200000048,0
12/21/2015 1:00,0,250.1000061,0,101580,0.0037,278.3999939,-3.299999952,0.600000024,0
12/21/2015 2:00,0,250.1000061,0,101630,0.0037,276.6000061,-3.100000143,0.100000001,0
12/21/2015 3:00,0,266.5,0,101580,0.0038,277.3000183,-2.799999952,-0.400000006,0
12/21/2015 4:00,0,266.5,0,101530,0.0038,277.7000122,-2.799999952,-0.800000012,0
12/21/2015 5:00,0,266.5,0,101500,0.0038,277.1000061,-2.700000048,-1.100000024,0
12/21/2015 6:00,0,289,0,101480,0.004,278,-2.700000048,-1.399999976,0
12/21/2015 7:00,0,289,0,101460,0.0041,279.1000061,-2.5,-1.399999976,0
12/21/2015 8:00,0,289,0,101470,0.0042,279,-2.400000095,-1.300000072,0
12/21/2015 9:00,0,334.1000061,0,101380,0.0042,279.3000183,-2.299999952,-1.200000048,0
12/21/2015 10:00,0,334.1000061,0,101340,0.0043,279,-2.200000048,-1.100000024,0
12/21/2015 11:00,0,334.1000061,0,101290,0.0042,278.5,-2.100000143,-1.100000024,0
12/21/2015 12:00,0,352.8999939,0,101310,0.0044,279.1000061,-2,-1,0
12/21/2015 13:00,0,352.8999939,33.29999924,101380,0.0042,279.5,-2,-0.900000036,0
12/21/2015 14:00,0,352.8999939,100.8000031,101310,0.0042,280,-2,-0.800000012,0
12/21/2015 15:00,0,372.3999939,160.9000092,101310,0.0043,280.7000122,-2,-0.699999988,0
12/21/2015 16:00,0,372.3999939,199.1999969,101300,0.0045,282.6000061,-1.899999976,-0.400000006,0
12/21/2015 17:00,0,372.3999939,211.9000092,101220,0.0049,283.8000183,-1.700000048,-0.200000003,0
12/21/2015 18:00,0,375.5,290.3999939,101150,0.005,283.8999939,-1.5,0.100000001,0
12/21/2015 19:00,0,375.5,257,101050,0.0054,285,-1.600000024,0.100000001,0
12/21/2015 20:00,0,375.5,202,100890,0.0056,285.8000183,-1.800000072,0.100000001,0
12/21/2015 21:00,0,361.7000122,132.8000031,100870,0.0059,285.8000183,-1.899999976,0.100000001,0
12/21/2015 22:00,0,361.7000122,27.60000038,100820,0.0061,285.1000061,-2.200000048,0.400000006,0
12/21/2015 23:00,0,361.7000122,0,100830,0.0061,283.2000122,-2.5,0.699999988,0
12/22/2015 0:00,0,357,0,100740,0.0062,283.2000122,-2.700000048,1,0
12/22/2015 1:00,0,357,0,100760,0.0065,283,-2.600000143,0.900000036,0
12/22/2015 2:00,0,357,0,100770,0.0064,283.2000122,-2.5,0.800000012,0
12/22/2015 3:00,0,369.2000122,0,100630,0.0063,282.1000061,-2.400000095,0.699999988,0
12/22/2015 4:00,0,369.2000122,0,100600,0.0063,282.5,-2.299999952,0.900000036,0
12/22/2015 5:00,0,369.2000122,0,100490,0.0066,283.1000061,-2.200000048,1.100000024,5.99E-07
12/22/2015 6:00,1.300000072,391.2000122,0,100310,0.007,282.7000122,-2.100000143,1.300000072,2.85E-06
12/22/2015 7:00,6.200000286,391.1000061,0,100280,0.0075,283.5,-1,1.700000048,3.00E-06
12/22/2015 8:00,6.5,391.1000061,0,100110,0.0082,284.3000183,0.100000001,2,3.39E-06
12/22/2015 9:00,7.300000191,386.1000061,0,100030,0.0087,285.3000183,1.200000048,2.400000095,1.77E-05
12/22/2015 10:00,37.70000076,386.1000061,0,100100,0.0092,285.8999939,0.800000012,2.799999952,4.56E-06
12/22/2015 11:00,9.699999809,386.1000061,0,100180,0.0089,285.3999939,0.600000024,3.200000048,1.17E-06
12/22/2015 12:00,2.5,380.7000122,0,100160,0.0094,286.2000122,0.200000003,3.600000143,6.13E-07
12/22/2015 13:00,1.300000072,380.7000122,34.79999924,100130,0.0095,286.3000183,0.200000003,3.600000143,3.78E-07
12/22/2015 14:00,0.800000012,380.7000122,106.7000046,100230,0.0095,286.6000061,0.100000001,3.700000048,0
12/22/2015 15:00,0,384.8000183,237.6000061,100260,0.01,287.2000122,0.100000001,3.700000048,0
12/22/2015 16:00,0,384.8000183,294.6000061,100210,0.0101,287.3999939,0.200000003,3.5,0
12/22/2015 17:00,0,384.8000183,313.6000061,100160,0.0099,287,0.300000012,3.400000095,0
12/22/2015 18:00,0,392.8999939,306.5,100010,0.0103,288,0.400000006,3.200000048,0
12/22/2015 19:00,0,392.8999939,271.6000061,99990,0.011399999,289.7000122,-0.100000001,3.600000143,0
12/22/2015 20:00,0,392.8999939,213.6999969,99990,0.0117,290.2000122,-0.699999988,3.900000095,0
12/22/2015 21:00,0,388.3999939,118.3000031,100040,0.0116,290,-1.200000048,4.300000191,0
12/22/2015 22:00,0,388.3999939,25.20000076,99990,0.011399999,289.6000061,-1.399999976,3.700000048,0
12/22/2015 23:00,0,388.3999939,0,99990,0.010799999,288.8000183,-1.600000024,3.100000143,0
12/23/2015 0:00,0,383.3000183,0,100050,0.0111,288.8000183,-1.800000072,2.600000143,0
12/23/2015 1:00,0,383.3000183,0,100130,0.0111,289.2000122,-1.800000072,2.200000048,0
12/23/2015 2:00,0,383.3000183,0,100110,0.0111,288.8000183,-1.899999976,1.899999976,0
12/23/2015 3:00,0,385.8000183,0,100090,0.011299999,289.2000122,-2,1.5,0
12/23/2015 4:00,0,385.8000183,0,100050,0.0112,289,-1.700000048,1.600000024,0
12/23/2015 5:00,0,385.8000183,0,100010,0.0117,289.5,-1.5,1.600000024,0
12/23/2015 6:00,0,386.5,0,99980,0.011899999,289.7000122,-1.200000048,1.700000048,0
12/23/2015 7:00,0,386.5,0,100010,0.0116,289.8000183,-1.399999976,1.700000048,0
12/23/2015 8:00,0,386.5,0,100000,0.012,289.7000122,-1.600000024,1.700000048,0
12/23/2015 9:00,0,391,0,99970,0.011899999,289.8000183,-1.800000072,1.700000048,0
12/23/2015 10:00,0,391,0,99940,0.0117,289.7000122,-2.100000143,1.899999976,0
12/23/2015 11:00,0,391,0,99920,0.0117,289.3999939,-2.5,2.100000143,0
12/23/2015 12:00,0,389.1000061,0,99900,0.0115,289.3000183,-2.799999952,2.400000095,1.89E-06
12/23/2015 13:00,3.900000095,389.1000061,42.40000153,99950,0.0117,289.7000122,-2.700000048,2.900000095,5.82E-07
12/23/2015 14:00,1.200000048,389.1000061,131.6999969,99920,0.011899999,289.8000183,-2.5,3.5,5.64E-06
12/23/2015 15:00,11.60000038,393.8000183,163,99920,0.012,290,-2.299999952,4,8.76E-07
12/23/2015 16:00,1.800000072,393.8000183,202.4000092,99860,0.0127,291.2000122,-1.899999976,4.099999905,4.43E-07
12/23/2015 17:00,0.900000036,393.8000183,215.6000061,99740,0.0131,291.8999939,-1.399999976,4.099999905,0
12/23/2015 18:00,0,405.2000122,182.3000031,99650,0.0137,292.2000122,-1,4.200000286,4.96E-06
12/23/2015 19:00,10,405.2000122,161.6000061,99630,0.0129,291.6000061,-0.699999988,4,8.88E-07
12/23/2015 20:00,1.800000072,405.1000061,127.4000015,99690,0.0128,291.3000183,-0.400000006,3.900000095,2.95E-07
12/23/2015 21:00,0.600000024,392.6000061,96.80000305,99740,0.0132,291.6000061,-0.100000001,3.799999952,1.09E-06
12/23/2015 22:00,2.200000048,392.6000061,21.10000038,99730,0.012399999,290.8000183,-0.200000003,3.200000048,3.43E-07
12/23/2015 23:00,0.699999988,392.6000061,0,99800,0.012399999,290.2000122,-0.400000006,2.700000048,1.85E-06
12/24/2015 0:00,3.799999952,395.6000061,0,99980,0.012,290,-0.5,2.200000048,6.81E-07
12/24/2015 1:00,1.399999976,395.6000061,0,99950,0.0118,289.3999939,-1,2.299999952,1.07E-06
12/24/2015 2:00,2.200000048,395.6000061,0,100010,0.0121,290.3000183,-1.5,2.400000095,7.81E-07
12/24/2015 3:00,1.600000024,396.6000061,0,100050,0.0121,290.2000122,-2,2.5,7.80E-07
12/24/2015 4:00,1.600000024,396.6000061,0,99960,0.0117,290.2000122,-1.300000072,3.600000143,0
12/24/2015 5:00,0,396.6000061,0,100010,0.0118,289.8000183,-0.600000024,4.700000286,0
12/24/2015 6:00,0,392.8000183,0,99930,0.0122,290.3999939,0.100000001,5.900000095,0
12/24/2015 7:00,0,392.8000183,0,99960,0.012399999,290.8000183,0.5,5.800000191,0
12/24/2015 8:00,0,392.8000183,0,100010,0.012999999,291.6000061,0.900000036,5.800000191,0
12/24/2015 9:00,0,379.6000061,0,99960,0.014099999,293.3999939,1.300000072,5.700000286,0
12/24/2015 10:00,0,379.6000061,0,100010,0.014599999,293.5,0.900000036,4.700000286,0
12/24/2015 11:00,0,379.6000061,0,100040,0.014599999,293.8999939,0.5,3.700000048,0
12/24/2015 12:00,0,379.2000122,0,100110,0.014699999,293.7000122,0,2.700000048,0
12/24/2015 13:00,0,379.2000122,49.5,100230,0.014699999,294,0.699999988,3,0
12/24/2015 14:00,0,379.2000122,155.6999969,100320,0.014599999,294.2000122,1.300000072,3.400000095,0
12/24/2015 15:00,0,397.6000061,267.3000183,100410,0.0149,294.8000183,2,3.799999952,0
12/24/2015 16:00,0,397.6000061,332.1000061,100400,0.0149,295.6000061,3.100000143,3.600000143,0
12/24/2015 17:00,0,397.6000061,354.1000061,100420,0.015299999,295.1000061,4.099999905,3.400000095,0
12/24/2015 18:00,0,400.7000122,329.8000183,100330,0.0156,295,5.200000286,3.200000048,0
12/24/2015 19:00,0,400.7000122,292.7000122,100360,0.0155,295,4.700000286,2.799999952,0
12/24/2015 20:00,0,400.7000122,231,100360,0.015299999,295,4.300000191,2.400000095,0
12/24/2015 21:00,0,403.8000183,93.20000458,100290,0.015199999,295.2000122,3.799999952,2,0
12/24/2015 22:00,0,403.8000183,20.80000114,100430,0.015699999,294.8999939,2.400000095,2,3.05E-07
12/24/2015 23:00,0.600000024,403.8000183,0,100520,0.015,294.5,1,2,7.60E-07
12/25/2015 0:00,1.5,391.7000122,0,100450,0.0148,294.3999939,-0.400000006,2,5.06E-08
12/25/2015 1:00,0.100000001,391.7000122,0,100600,0.0132,292.3999939,0.400000006,1.899999976,0
12/25/2015 2:00,0,391.7000122,0,100720,0.0126,291.8000183,1.200000048,1.800000072,0
12/25/2015 3:00,0,379.2000122,0,100750,0.0127,291.8000183,2,1.700000048,1.98E-07
12/25/2015 4:00,0.400000006,379.2000122,0,100800,0.012499999,291.7000122,2,1.100000024,0
12/25/2015 5:00,0,379.2000122,0,100790,0.0123,291.3000183,2,0.5,9.84E-08
12/25/2015 6:00,0.200000003,382.1000061,0,100810,0.012499999,291.3999939,2,-0.100000001,0
12/25/2015 7:00,0,382.1000061,0,100770,0.012399999,291,1.600000024,-0.300000012,9.82E-08
12/25/2015 8:00,0.200000003,382.1000061,0,100770,0.012499999,290.8000183,1.300000072,-0.400000006,0
12/25/2015 9:00,0,386.2000122,0,100830,0.0122,290.8000183,0.900000036,-0.600000024,0
12/25/2015 10:00,0,386.2000122,0,100760,0.0118,290.2000122,0,-0.300000012,0
12/25/2015 11:00,0,386.2000122,0,100790,0.011899999,290.3999939,-0.900000036,-0.100000001,0
12/25/2015 12:00,0,382.7000122,0,100870,0.0112,289.5,-1.700000048,0.200000003,0
12/25/2015 13:00,0,382.7000122,55.29999924,100890,0.0118,289.6000061,-1.399999976,0.5,0
12/25/2015 14:00,0,382.7000122,175.9000092,100880,0.0123,291.2000122,-1.100000024,0.800000012,0
12/25/2015 15:00,0,391.3000183,320.2000122,100870,0.0134,293,-0.800000012,1,0
12/25/2015 16:00,0,391.3000183,398.3000183,100910,0.0137,294,-0.300000012,1.5,0
12/25/2015 17:00,0,391.2000122,425.1000061,100780,0.0143,294.3000183,0.200000003,2.100000143,0
12/25/2015 18:00,0,405.6000061,401.1000061,100700,0.0149,294.8999939,0.699999988,2.600000143,0
12/25/2015 19:00,0,405.6000061,356.2000122,100690,0.0148,296.2000122,1.100000024,2.5,0
12/25/2015 20:00,0,405.6000061,281.6000061,100710,0.015,296.3999939,1.600000024,2.400000095,0
12/25/2015 21:00,0,404.2000122,123.8000031,100660,0.015099999,297,2,2.299999952,0
12/25/2015 22:00,0,404.2000122,28.39999962,100720,0.015199999,296.1000061,1.300000072,2,0
12/25/2015 23:00,0,404.2000122,0,100800,0.0154,295.1000061,0.699999988,1.800000072,0
12/26/2015 0:00,0,398.3000183,0,100870,0.014599999,294.1000061,0,1.5,0
12/26/2015 1:00,0,398.3000183,0,100890,0.013599999,292.8999939,-0.400000006,0.900000036,7.49E-07
12/26/2015 2:00,1.5,398.3000183,0,100970,0.0134,292.1000061,-0.900000036,0.200000003,0
12/26/2015 3:00,0,397.8999939,0,100910,0.0129,291.7000122,-1.300000072,-0.5,0
12/26/2015 4:00,0,397.8999939,0,100900,0.012499999,291.3000183,-1.200000048,-0.600000024,0
12/26/2015 5:00,0,397.8999939,0,100910,0.0118,290.3000183,-1,-0.699999988,0
12/26/2015 6:00,0,385.8999939,0,100880,0.0123,291,-0.800000012,-0.800000012,0
12/26/2015 7:00,0,385.8999939,0,100940,0.0116,290.5,-1.300000072,-0.600000024,0
12/26/2015 8:00,0,385.8999939,0,100930,0.0116,290.2000122,-1.700000048,-0.5,0
12/26/2015 9:00,0,379.5,0,100900,0.010799999,289.3999939,-2.100000143,-0.300000012,0
12/26/2015 10:00,0,379.5,0,100840,0.010799999,289.1000061,-1.800000072,-0.5,0
12/26/2015 11:00,0,379.5,0,100760,0.0111,289.3999939,-1.5,-0.699999988,0
12/26/2015 12:00,0,364.7000122,0,100780,0.0112,289.8000183,-1.200000048,-0.900000036,0
12/26/2015 13:00,0,364.7000122,62.90000153,100880,0.011,289.2000122,-1.300000072,-0.800000012,0
12/26/2015 14:00,0,364.7000122,202.4000092,100980,0.0117,290.8000183,-1.399999976,-0.800000012,0
12/26/2015 15:00,0,376.6000061,354.8000183,101080,0.0127,292.5,-1.5,-0.699999988,0
12/26/2015 16:00,0,376.6000061,442,101100,0.012999999,294,-1.300000072,0.200000003,0
12/26/2015 17:00,0,376.5,472,100970,0.0131,295,-1.100000024,1,0
12/26/2015 18:00,0,386.6000061,470.6000061,100840,0.0134,296,-0.900000036,1.899999976,0
12/26/2015 19:00,0,386.6000061,418.3999939,100840,0.013599999,297.3999939,-0.800000012,1.899999976,0
12/26/2015 20:00,0,386.6000061,331.2000122,100780,0.0138,297.2000122,-0.800000012,1.800000072,0
12/26/2015 21:00,0,373.2000122,153.1000061,100780,0.0138,296.7000122,-0.699999988,1.800000072,0
12/26/2015 22:00,0,373.2000122,36,100790,0.0139,295.3000183,-1.300000072,1.800000072,0
12/26/2015 23:00,0,373.2000122,0,100820,0.0139,293.8999939,-2,1.899999976,0
12/27/2015 0:00,0,358.3999939,0,100880,0.0137,293.2000122,-2.600000143,2,0
12/27/2015 1:00,0,358.3999939,0,100850,0.013499999,293.2000122,-2.600000143,1.800000072,0
12/27/2015 2:00,0,358.3999939,0,100870,0.0133,292.5,-2.600000143,1.600000024,0
12/27/2015 3:00,0,351.2000122,0,100870,0.013599999,292.1000061,-2.600000143,1.5,0
12/27/2015 4:00,0,351.2000122,0,100840,0.012999999,291.7000122,-2.400000095,1.600000024,0
12/27/2015 5:00,0,351.2000122,0,100770,0.0134,292.3000183,-2.200000048,1.800000072,0
12/27/2015 6:00,0,359.8999939,0,100740,0.0134,292.2000122,-2,2,0
12/27/2015 7:00,0,359.8999939,0,100680,0.0138,292.3999939,-1.899999976,1.800000072,0
12/27/2015 8:00,0,359.8999939,0,100750,0.0137,292.3000183,-1.800000072,1.600000024,0
12/27/2015 9:00,0,369.1000061,0,100630,0.0138,292.8000183,-1.600000024,1.399999976,0
12/27/2015 10:00,0,369.1000061,0,100650,0.0138,292.5,-1.700000048,1.399999976,0
12/27/2015 11:00,0,369.1000061,0,100620,0.0137,292.7000122,-1.800000072,1.399999976,0
12/27/2015 12:00,0,366.3999939,0,100650,0.013499999,292.3999939,-1.899999976,1.399999976,0
12/27/2015 13:00,0,366.3999939,38.10000229,100620,0.0128,292.2000122,-1.300000072,1,7.44E-07
12/27/2015 14:00,1.5,366.3999939,123.9000015,100640,0.0132,292.2000122,-0.699999988,0.5,2.13E-06
12/27/2015 15:00,4.300000191,391.1000061,208.8000031,100620,0.0134,292.2000122,-0.100000001,0,0
12/27/2015 16:00,0,391,260.2000122,100590,0.013599999,293.1000061,0.200000003,0.5,0
12/27/2015 17:00,0,391,278.2000122,100480,0.0142,293.7000122,0.600000024,1,0
12/27/2015 18:00,0,394.5,305.3999939,100380,0.0143,294.2000122,1,1.5,0
12/27/2015 19:00,0,394.5,271.8000183,100290,0.014699999,295.5,1,1.600000024,0
12/27/2015 20:00,0,394.3999939,215.5,100240,0.0145,295.8999939,1.100000024,1.700000048,0
12/27/2015 21:00,0,388.6000061,140.4000092,100200,0.014599999,295.5,1.100000024,1.700000048,0
12/27/2015 22:00,0,388.6000061,33.90000153,100260,0.014599999,294.8999939,0.400000006,1.899999976,0
12/27/2015 23:00,0,388.6000061,0,100270,0.015,294.7000122,-0.300000012,2.100000143,0
12/28/2015 0:00,0,373.2000122,0,100260,0.0145,293.6000061,-1,2.299999952,0
12/28/2015 1:00,0,373.2000122,0,100310,0.013499999,291.8999939,-1.200000048,2.299999952,0
12/28/2015 2:00,0,373.2000122,0,100320,0.012999999,291.7000122,-1.399999976,2.200000048,0
12/28/2015 3:00,0,338.8999939,0,100320,0.0129,291.3999939,-1.600000024,2.200000048,0
12/28/2015 4:00,0,338.8999939,0,100370,0.0128,291.6000061,-1.700000048,2.200000048,0
12/28/2015 5:00,0,338.8999939,0,100340,0.0128,291.1000061,-1.800000072,2.200000048,0
12/28/2015 6:00,0,342.3000183,0,100290,0.013499999,291.8999939,-1.899999976,2.200000048,0
12/28/2015 7:00,0,342.3000183,0,100300,0.0134,291.8999939,-2.100000143,1.700000048,0
12/28/2015 8:00,0,342.3000183,0,100340,0.0133,291.7000122,-2.400000095,1.100000024,0
12/28/2015 9:00,0,342.1000061,0,100280,0.0133,291.7000122,-2.700000048,0.600000024,0
12/28/2015 10:00,0,342.1000061,0,100280,0.012999999,291.7000122,-2.700000048,0.5,0
12/28/2015 11:00,0,342.1000061,0,100250,0.0129,291.5,-2.700000048,0.5,0
12/28/2015 12:00,0,349.5,0,100320,0.0128,291.2000122,-2.700000048,0.5,0
12/28/2015 13:00,0,349.5,51.5,100330,0.0129,291.7000122,-2.700000048,0.100000001,0
12/28/2015 14:00,0,349.5,169,100350,0.0129,291.6000061,-2.700000048,-0.200000003,0
12/28/2015 15:00,0,388.6000061,240.6999969,100330,0.0133,292.2000122,-2.700000048,-0.5,0
12/28/2015 16:00,0,388.6000061,300.3999939,100370,0.0142,293,-3.400000095,0,0
12/28/2015 17:00,0,388.5,321.3999939,100250,0.014599999,293.7000122,-4.099999905,0.5,0
12/28/2015 18:00,0,413.5,234.5,100190,0.014699999,294.6000061,-4.800000191,1,0
12/28/2015 19:00,0,413.5,208.9000092,100100,0.014599999,296.1000061,-5.200000286,1.100000024,0
12/28/2015 20:00,0,413.5,165.8000031,99980,0.0138,296.6000061,-5.599999905,1.300000072,0
12/28/2015 21:00,0,390,130.5,99910,0.0137,295.8999939,-6,1.399999976,0
12/28/2015 22:00,0,390,32.40000153,99950,0.014,295.1000061,-6.400000095,1.800000072,0
12/28/2015 23:00,0,390.1000061,0,99940,0.015,294.6000061,-6.900000095,2.200000048,0
12/29/2015 0:00,0,380.1000061,0,99970,0.0149,294.6000061,-7.400000095,2.600000143,0
12/29/2015 1:00,0,380.1000061,0,99980,0.0155,295.1000061,-6.300000191,2.600000143,0
12/29/2015 2:00,0,380.1000061,0,99940,0.015799999,295.3999939,-5.300000191,2.600000143,0
12/29/2015 3:00,0,388.7000122,0,99940,0.015299999,295.1000061,-4.300000191,2.600000143,2.04E-07
12/29/2015 4:00,0.400000006,388.7000122,0,99940,0.0154,295,-3.299999952,3.200000048,5.09E-08
12/29/2015 5:00,0.100000001,388.7000122,0,99950,0.015,294.7000122,-2.299999952,3.900000095,1.12E-06
12/29/2015 6:00,2.200000048,398.3999939,0,99910,0.0148,294.2000122,-1.300000072,4.5,1.16E-06
12/29/2015 7:00,2.299999952,398.3999939,0,99880,0.015,294.8000183,-0.200000003,4.900000095,2.59E-06
12/29/2015 8:00,5.099999905,398.3999939,0,99870,0.0145,294.3999939,0.800000012,5.300000191,2.99E-06
12/29/2015 9:00,5.900000095,387.5,0,99900,0.0143,293.5,1.800000072,5.700000286,7.53E-07
12/29/2015 10:00,1.5,387.5,0,99920,0.014,293.2000122,2.400000095,5,5.51E-07
12/29/2015 11:00,1.100000024,387.5,0,99960,0.0144,293.3000183,3.100000143,4.400000095,0
12/29/2015 12:00,0,381.5,0,99990,0.014,293.3000183,3.700000048,3.799999952,0
12/29/2015 13:00,0,381.5,35.5,100080,0.014,293.1000061,3.5,3.600000143,0
12/29/2015 14:00,0,381.5,117.5999985,100180,0.0142,293.3000183,3.400000095,3.5,0
12/29/2015 15:00,0,373.7000122,246.9000092,100210,0.0148,294.8000183,3.200000048,3.400000095,0
12/29/2015 16:00,0,373.7000122,308.3999939,100230,0.014099999,294.5,3.400000095,3.5,0
12/29/2015 17:00,0,373.7000122,330.2000122,100220,0.0137,294.3999939,3.600000143,3.600000143,0
12/29/2015 18:00,0,375.2000122,375.7000122,100160,0.0133,294.8000183,3.700000048,3.700000048,0
12/29/2015 19:00,0,375.2000122,335.1000061,100100,0.013599999,296.8999939,3.299999952,3.400000095,0
12/29/2015 20:00,0,375.2000122,266.5,100140,0.013599999,296.8999939,2.900000095,3.100000143,0
12/29/2015 21:00,0,365.6000061,145.5,100170,0.0134,296.3999939,2.5,2.799999952,0
12/29/2015 22:00,0,365.6000061,37,100250,0.012499999,295.3000183,2.200000048,2.400000095,0
12/29/2015 23:00,0,365.6000061,0,100310,0.0133,293.7000122,1.899999976,2,0
12/30/2015 0:00,0,337.7000122,0,100400,0.0133,292.7000122,1.600000024,1.600000024,0
12/30/2015 1:00,0,337.7000122,0,100430,0.0132,292.6000061,1.200000048,1.5,0
12/30/2015 2:00,0,337.7000122,0,100530,0.0129,291.7000122,0.800000012,1.399999976,0
12/30/2015 3:00,0,336.8999939,0,100520,0.0127,291.2000122,0.400000006,1.200000048,0
12/30/2015 4:00,0,336.8999939,0,100570,0.012399999,290.8999939,0.200000003,1.300000072,0
12/30/2015 5:00,0,336.8999939,0,100590,0.0116,289.8999939,0,1.300000072,0
12/30/2015 6:00,0,353,0,100620,0.012,290.1000061,-0.200000003,1.300000072,0
12/30/2015 7:00,0,353,0,100610,0.011899999,290.5,-0.600000024,0.800000012,0
12/30/2015 8:00,0,353,0,100590,0.012,290.3999939,-1,0.200000003,0
12/30/2015 9:00,0,392.3999939,0,100630,0.011899999,290.3999939,-1.399999976,-0.400000006,3.42E-07
12/30/2015 10:00,0.699999988,392.3999939,0,100590,0.012399999,290.6000061,-1.300000072,-0.200000003,6.85E-07
12/30/2015 11:00,1.399999976,392.3999939,0,100560,0.012499999,291.1000061,-1.300000072,0,0
12/30/2015 12:00,0,396.8000183,0,100510,0.0127,291.3000183,-1.300000072,0.200000003,0
12/30/2015 13:00,0,396.8000183,24.60000038,100620,0.0126,291.7000122,-0.699999988,0.200000003,0
12/30/2015 14:00,0,396.8000183,82.09999847,100630,0.0134,292.5,-0.200000003,0.100000001,4.97E-08
12/30/2015 15:00,0.100000001,400.3000183,134.6000061,100600,0.014099999,293.5,0.300000012,0,4.22E-06
12/30/2015 16:00,8.400000572,400.3000183,168.3000031,100640,0.014,292.3999939,0.5,0.600000024,1.73E-05
12/30/2015 17:00,34.79999924,400.3000183,180.3000031,100590,0.012999999,291.5,0.699999988,1.300000072,3.60E-06
12/30/2015 18:00,7.300000191,402.2000122,183.3000031,100610,0.0126,290.8999939,0.800000012,2,2.31E-06
12/30/2015 19:00,4.700000286,402.2000122,163.6000061,100560,0.012499999,291,0.800000012,1.899999976,1.82E-06
12/30/2015 20:00,3.700000048,402.2000122,130.3000031,100490,0.0128,291,0.800000012,1.800000072,2.06E-06
12/30/2015 21:00,4.200000286,399.2000122,80.40000153,100470,0.0126,291.1000061,0.800000012,1.700000048,4.08E-06
12/30/2015 22:00,8.300000191,399.2000122,21,100450,0.0126,290.8999939,1,1.399999976,1.62E-06
12/30/2015 23:00,3.299999952,399.2000122,0,100520,0.0127,291.1000061,1.200000048,1.200000048,6.88E-07
