time,APCP_surface,RAINRATE,T2D,Q2D,U2D,V2D,PSFC,SWDOWN,LWDOWN
5/1/2007 0:00,0,0,287.524,0.005954,6.8022,-5.9622,98865.18,0,268.284
5/1/2007 1:00,0,0,286.36,0.005718,5.9674,-5.5988,98958.9,0,268.36
5/1/2007 2:00,0,0,285.19,0.005476,5.1368,-5.2316,99052.7,0,268.418
5/1/2007 3:00,0,0,284.028,0.005236,4.3022,-4.869,99145.68,0,268.16
5/1/2007 4:00,0,0,283.386,0.005224,4.1124,-4.7622,99204.96,0,268.102
5/1/2007 5:00,0,0,282.74,0.00521,3.9226,-4.6612,99263.9,0,268.052
5/1/2007 6:00,0,0,282.098,0.005196,3.7284,-4.5548,99323.22,0,251.692
5/1/2007 7:00,0,0,281.246,0.005054,3.6356,-3.6116,99389.74,0,251.634
5/1/2007 8:00,0,0,280.39,0.004906,3.5418,-2.669,99457.44,0,251.572
5/1/2007 9:00,0,0,279.534,0.004764,3.4528,-1.7258,99525.1,0,249.308
5/1/2007 10:00,0,0,281.126,0.00506,3.4564,-2.141,99572.38,22.85,250.098
5/1/2007 11:00,0,0,282.716,0.005362,3.4666,-2.5584,99620,170.326,250.91
5/1/2007 12:00,0,0,284.306,0.005668,3.4768,-2.9708,99667.38,339.4,270.036
5/1/2007 13:00,0.024658,0.000024658,285.822,0.005716,3.1996,-3.1582,99653.26,506.926,270.882
5/1/2007 14:00,0,0,287.336,0.005764,2.9226,-3.3452,99639.48,664.09,271.702
5/1/2007 15:00,0,0,288.852,0.00581,2.6466,-3.5318,99625.18,762.468,297.95
5/1/2007 16:00,0,0,289.868,0.00599,3.5152,-2.8564,99600.66,844.97,298.366
5/1/2007 17:00,0,0,290.884,0.006174,4.3768,-2.1832,99576,851.01,298.796
5/1/2007 18:00,0,0,291.904,0.006362,5.2414,-1.503,99551.04,637.218,337.876
5/1/2007 19:00,0.000372,0.000000372,291.936,0.006428,4.9038,-1.2796,99530.08,580.852,337.946
5/1/2007 20:00,0,0,291.974,0.006496,4.562,-1.0512,99508.12,479.538,338.03
5/1/2007 21:00,0,0,292.006,0.006564,4.2152,-0.8272,99486.9,343.194,336.638
5/1/2007 22:00,0,0,290.686,0.006858,3.8124,-0.0288,99485.98,219.73,336.034
5/1/2007 23:00,0,0,289.372,0.007148,3.4022,0.7708,99483.8,87.294,335.416
5/2/2007 0:00,0.004368,0.000004368,288.048,0.007432,2.995,1.575,99483.56,0,366.256
5/2/2007 1:00,0.02778,0.00002778,287.784,0.007266,2.6514,1.492,99460.98,0,365.702
5/2/2007 2:00,0.027772,0.000027772,287.512,0.007098,2.3072,1.4142,99438.6,0,365.098
5/2/2007 3:00,0.00039,0.00000039,287.25,0.006932,1.9638,1.3362,99415.68,0,357.996
5/2/2007 4:00,0.000034,0.000000034,285.86,0.006722,2.064,1.8672,99367.4,0,356.19
5/2/2007 5:00,0.036346,0.000036346,284.468,0.006518,2.1686,2.4034,99318.9,0,354.38
5/2/2007 6:00,0.018574,0.000018574,283.08,0.006312,2.2686,2.9384,99269.8,0,342.822
5/2/2007 7:00,0.002144,0.000002144,281.96,0.006132,2.0756,2.1858,99209.44,0,341.768
5/2/2007 8:00,0.20098,0.00020098,280.844,0.005952,1.874,1.4418,99150.42,0,340.682
5/2/2007 9:00,0.134526,0.000134526,279.726,0.005782,1.6808,0.6884,99090.12,0,345.858
5/2/2007 10:00,0.018992,0.000018992,280.134,0.00591,1.3264,0.7556,99163.18,5.626,346.242
5/2/2007 11:00,0.130236,0.000130236,280.54,0.00604,0.9718,0.8226,99238,37.498,346.638
5/2/2007 12:00,0.744624,0.000744624,280.946,0.00617,0.6208,0.8848,99311.02,97.808,351.43
5/2/2007 13:00,0.558676,0.000558676,281.804,0.006488,0.713,-0.0236,99342.2,145.618,352.412
5/2/2007 14:00,0.003804,0.000003804,282.666,0.006814,0.8082,-0.9324,99371.72,190.544,353.41
5/2/2007 15:00,0,0,283.526,0.00715,0.8994,-1.8426,99402.24,280.672,354.126
5/2/2007 16:00,0,0,285,0.007426,1.2026,-2.3002,99397.7,310.896,356.398
5/2/2007 17:00,0,0,286.48,0.007718,1.508,-2.7532,99393.42,313.11,358.714
5/2/2007 18:00,0,0,287.954,0.008012,1.8076,-3.206,99388.74,653.86,330.444
5/2/2007 19:00,0,0,289.248,0.008002,2.4116,-3.3504,99377.72,596.298,331.99
5/2/2007 20:00,0,0,290.546,0.007992,3.022,-3.492,99364.74,492.556,333.572
5/2/2007 21:00,0,0,291.846,0.007968,3.631,-3.6324,99354.16,437.11,314.596
5/2/2007 22:00,0,0,290.456,0.00772,3.3858,-3.1254,99477.02,280.912,313.568
5/2/2007 23:00,0,0,289.064,0.007482,3.1464,-2.6154,99600.68,113.356,312.536
5/3/2007 0:00,0,0,287.682,0.00724,2.9054,-2.109,99724.54,0,300.288
5/3/2007 1:00,0,0,286.49,0.006464,2.4622,-2.625,99768.88,0,299.276
5/3/2007 2:00,0,0,285.294,0.005706,2.0218,-3.147,99813.22,0,298.278
5/3/2007 3:00,0,0,284.104,0.004972,1.578,-3.66,99856.68,0,253.602
5/3/2007 4:00,0,0,282.75,0.004646,1.69,-3.5662,99963.02,0,252.444
5/3/2007 5:00,0,0,281.402,0.004328,1.803,-3.4692,100069.02,0,251.298
5/3/2007 6:00,0,0,280.048,0.004024,1.9108,-3.366,100174.56,0,238.464
5/3/2007 7:00,0,0,279.186,0.003796,1.8468,-3.3392,100164.36,0,237.672
5/3/2007 8:00,0,0,278.324,0.003568,1.792,-3.3102,100155.1,0,236.892
5/3/2007 9:00,0,0,277.46,0.003356,1.7342,-3.2838,100144.34,0,232.274
5/3/2007 10:00,0,0,279.218,0.003758,1.8812,-2.838,100212.92,29.794,233.148
5/3/2007 11:00,0,0,280.976,0.004168,2.0374,-2.394,100280.68,180.47,234.026
5/3/2007 12:00,0,0,282.728,0.004592,2.1892,-1.9498,100349.8,372.712,253.678
5/3/2007 13:00,0,0,284.93,0.004698,2.3884,-2.3752,100370.54,553.356,255.306
5/3/2007 14:00,0,0,287.132,0.004798,2.5834,-2.8078,100390.56,722.864,256.906
5/3/2007 15:00,0,0,289.332,0.004896,2.779,-3.236,100410.88,817.922,273.284
5/3/2007 16:00,0,0,290.18,0.005042,3.2708,-3.3372,100367.3,905.652,274.04
5/3/2007 17:00,0,0,291.028,0.005194,3.7606,-3.443,100323.34,911.792,274.83
5/3/2007 18:00,0,0,291.874,0.005344,4.249,-3.544,100279.64,837.736,284.218
5/3/2007 19:00,0,0,292.066,0.005348,4.4086,-3.3848,100205.02,764.188,284.526
5/3/2007 20:00,0,0,292.262,0.00535,4.5772,-3.2262,100131.12,631.75,284.83
5/3/2007 21:00,0,0,292.454,0.005352,4.7372,-3.0678,100055.42,462.956,278.446
5/3/2007 22:00,0,0,290.04,0.005248,4.2874,-2.454,100126.66,298.612,276.624
5/3/2007 23:00,0,0,287.626,0.00514,3.8362,-1.8408,100198.44,122.284,274.776
5/4/2007 0:00,0,0,285.214,0.005032,3.3904,-1.2268,100269.56,0,249.706
5/4/2007 1:00,0,0,284.178,0.004656,3.2748,-1.4938,100271.3,0,248.966
5/4/2007 2:00,0,0,283.138,0.00429,3.1656,-1.7552,100272.24,0,248.198
5/4/2007 3:00,0,0,282.104,0.003934,3.0534,-2.0174,100273.32,0,241.874
5/4/2007 4:00,0,0,281.152,0.003718,2.6586,-2.5178,100314.68,0,241.136
5/4/2007 5:00,0,0,280.202,0.003506,2.2676,-3.0094,100356.12,0,240.408
5/4/2007 6:00,0,0,279.25,0.003296,1.8696,-3.5056,100397.48,0,236.962
5/4/2007 7:00,0,0,278.576,0.00319,2.105,-3.3168,100386.36,0,236.464
5/4/2007 8:00,0,0,277.9,0.00308,2.3362,-3.1276,100374.06,0,235.934
5/4/2007 9:00,0,0,277.222,0.002976,2.5672,-2.939,100362.38,0,236.5
5/4/2007 10:00,0,0,279.422,0.003486,2.6382,-2.6578,100408.46,32.66,238.306
5/4/2007 11:00,0,0,281.622,0.004026,2.7038,-2.3862,100454.2,182.082,240.114
5/4/2007 12:00,0,0,283.824,0.00459,2.7708,-2.1054,100499.58,375.828,258.73
5/4/2007 13:00,0,0,286.058,0.004628,3.0876,-3.2616,100460.32,556.422,260.454
5/4/2007 14:00,0,0,288.298,0.004666,3.401,-4.4178,100420.82,725.862,262.194
5/4/2007 15:00,0,0,290.538,0.004692,3.7134,-5.5764,100381.76,821.028,274.024
5/4/2007 16:00,0,0,291.098,0.004802,4.0946,-5.6628,100336.8,908.722,274.338
5/4/2007 17:00,0,0,291.658,0.00491,4.473,-5.7466,100291.62,914.712,274.646
5/4/2007 18:00,0,0,292.214,0.005018,4.851,-5.837,100248.3,841.282,280.568
5/4/2007 19:00,0,0,291.948,0.00499,4.3826,-5.6528,100182.28,767.694,280.23
5/4/2007 20:00,0,0,291.682,0.00496,3.919,-5.472,100116.88,635.122,279.912
5/4/2007 21:00,0,0,291.42,0.004928,3.4502,-5.2916,100051.14,466.07,275.824
5/4/2007 22:00,0,0,289.114,0.004842,3.1892,-4.3258,100068.9,301.684,273.524
5/4/2007 23:00,0,0,286.81,0.00475,2.9292,-3.3646,100086.28,125.342,271.208
5/5/2007 0:00,0,0,284.508,0.004652,2.6712,-2.4084,100103.3,0,253.752
5/5/2007 1:00,0,0,284.08,0.004354,2.2994,-2.1832,100156.28,0,253.376
5/5/2007 2:00,0,0,283.648,0.004064,1.933,-1.9628,100208.74,0,252.998
5/5/2007 3:00,0,0,283.224,0.003772,1.557,-1.7474,100260.48,0,245.862
5/5/2007 4:00,0,0,281.88,0.003634,1.996,-1.6656,100262.4,0,244.73
5/5/2007 5:00,0,0,280.538,0.003496,2.4262,-1.5876,100265.26,0,243.576
5/5/2007 6:00,0,0,279.196,0.003362,2.8648,-1.5028,100268.24,0,246.29
5/5/2007 7:00,0,0,278.76,0.003324,2.7328,-1.6204,100191.18,0,246.106
5/5/2007 8:00,0,0,278.32,0.003286,2.5946,-1.735,100113.62,0,245.914
5/5/2007 9:00,0,0,277.884,0.00325,2.4626,-1.8538,100037.56,0,265.096
5/5/2007 10:00,0,0,279.536,0.003574,2.1048,-1.7934,100098.46,27.71,265.76
5/5/2007 11:00,0,0,281.184,0.003904,1.7436,-1.7338,100160.9,143.666,266.42
5/5/2007 12:00,0,0,282.832,0.00424,1.3868,-1.6736,100222.04,146.672,328.48
5/5/2007 13:00,0,0,284.122,0.004422,1.5446,-1.5142,100208.88,216.558,328.822
5/5/2007 14:00,0,0,285.412,0.004608,1.704,-1.3556,100196.1,282.186,329.214
5/5/2007 15:00,0,0,286.7,0.004796,1.8594,-1.2,100183.54,567.698,329.688
5/5/2007 16:00,0,0,287.802,0.004684,2.8006,-1.7162,100119.94,628.064,329.778
5/5/2007 17:00,0,0,288.908,0.004572,3.746,-2.2288,100056.72,632.172,329.894
5/5/2007 18:00,0,0,290.01,0.004462,4.6884,-2.7452,99991.8,799.67,293.478
5/5/2007 19:00,0,0,290.124,0.004554,4.6216,-2.5376,99978.74,729.95,293.23
5/5/2007 20:00,0,0,290.238,0.004644,4.5504,-2.3294,99964.56,604.304,292.99
5/5/2007 21:00,0,0,290.35,0.00473,4.4792,-2.1186,99950.7,410.052,314.27
5/5/2007 22:00,0,0,288.676,0.004974,3.6524,-1.7714,99973.16,266.42,312.766
5/5/2007 23:00,0,0,287.004,0.005198,2.8262,-1.4256,99994.4,112.208,311.248
5/6/2007 0:00,0,0,285.332,0.005406,1.9992,-1.0824,100016.64,0,335.8
5/6/2007 1:00,0,0,284.596,0.005196,0.7112,-1.6838,100099.28,0,335.03
5/6/2007 2:00,0,0,283.854,0.00499,-0.5716,-2.291,100181.28,0,334.252
5/6/2007 3:00,0,0,283.118,0.004786,-1.8544,-2.8972,100264.68,0,315.48
5/6/2007 4:00,0,0,282.18,0.004668,-2.4678,-3.8134,100322.3,0,314.738
5/6/2007 5:00,0.10136,0.00010136,281.236,0.004554,-3.0844,-4.733,100379.96,0,313.96
5/6/2007 6:00,0.02247,0.00002247,280.296,0.004442,-3.6932,-5.649,100436.96,0,284.098
5/6/2007 7:00,0,0,279.442,0.004306,-3.633,-5.4804,100458.82,0,283.572
5/6/2007 8:00,0.000144,0.000000144,278.594,0.00417,-3.568,-5.3176,100481.88,0,283.028
5/6/2007 9:00,0,0,277.742,0.00404,-3.5038,-5.15,100504.2,0,259.096
5/6/2007 10:00,0,0,278.98,0.004216,-3.8856,-5.3234,100624.56,34.972,261.072
5/6/2007 11:00,0,0,280.22,0.004402,-4.267,-5.492,100745.36,169.952,263.076
5/6/2007 12:00,0,0,281.462,0.004592,-4.6524,-5.6648,100865.58,286.284,293.148
5/6/2007 13:00,0,0,283.05,0.004978,-4.9456,-5.9706,100949.8,421.594,297.356
5/6/2007 14:00,0,0,284.644,0.00539,-5.2436,-6.2736,101035.2,548.5,301.666
5/6/2007 15:00,0,0,286.232,0.00583,-5.5418,-6.5808,101120,665.62,310.008
5/6/2007 16:00,0,0,287.204,0.006022,-5.4708,-6.1796,101130.94,736.168,311.546
5/6/2007 17:00,0,0,288.178,0.006226,-5.4088,-5.784,101142.62,740.824,313.136
5/6/2007 18:00,0,0,289.152,0.006436,-5.3434,-5.384,101153.98,700.392,333.9
5/6/2007 19:00,0,0,289.008,0.006308,-5.0256,-4.843,101163.62,639.494,333.62
5/6/2007 20:00,0,0,288.868,0.006182,-4.7016,-4.3004,101174.2,529.788,333.332
5/6/2007 21:00,0,0,288.726,0.006058,-4.3794,-3.7588,101184.26,404.02,318.998
5/6/2007 22:00,0,0,287.026,0.005956,-3.9174,-2.5588,101183.74,263.312,317.018
5/6/2007 23:00,0,0,285.33,0.005854,-3.4598,-1.3552,101183.3,112.422,315.058
5/7/2007 0:00,0,0,283.636,0.005752,-2.9978,-0.1584,101182.84,0,266.886
5/7/2007 1:00,0,0,281.842,0.005268,-2.8616,0.5636,101225.96,0,264.528
5/7/2007 2:00,0,0,280.044,0.004804,-2.7224,1.2776,101270.32,0,262.13
5/7/2007 3:00,0,0,278.252,0.004374,-2.5818,1.9936,101314.04,0,241.884
5/7/2007 4:00,0,0,277.548,0.004162,-1.3154,1.5086,101293.58,0,240.972
5/7/2007 5:00,0,0,276.842,0.003952,-0.0398,1.0216,101273.48,0,240.08
5/7/2007 6:00,0,0,276.138,0.00375,1.2264,0.53,101253.3,0,230.442
5/7/2007 7:00,0,0,275.674,0.003646,1.5784,-0.0688,101239.02,0,229.974
5/7/2007 8:00,0,0,275.208,0.003544,1.9342,-0.6642,101225.66,0,229.5
5/7/2007 9:00,0,0,274.74,0.003444,2.2854,-1.2616,101212.02,0,234.498
5/7/2007 10:00,0,0,276.616,0.003748,1.7974,-1.1872,101265.48,41.162,234.69
5/7/2007 11:00,0,0,278.49,0.004054,1.31,-1.113,101319.54,188.818,234.87
5/7/2007 12:00,0,0,280.364,0.00436,0.8224,-1.0434,101374.08,378.872,258.104
5/7/2007 13:00,0,0,282.52,0.004374,0.0322,-0.4438,101347.04,556.502,259.116
5/7/2007 14:00,0,0,284.676,0.004386,-0.757,0.1538,101320.5,723.158,260.122
5/7/2007 15:00,0,0,286.832,0.00439,-1.5478,0.7498,101292.56,812.304,276.104
5/7/2007 16:00,0,0,287.918,0.004618,-0.5422,0.4852,101246.86,898.076,277
5/7/2007 17:00,0,0,289.006,0.004852,0.4712,0.2112,101202,903.676,277.924
5/7/2007 18:00,0,0,290.094,0.005092,1.4774,-0.0554,101155.38,834.322,289.54
5/7/2007 19:00,0,0,290.642,0.005372,1.7014,0.2704,101109.62,762.104,290.358
5/7/2007 20:00,0,0,291.184,0.005654,1.9294,0.5978,101064.7,631.85,291.162
5/7/2007 21:00,0,0,291.73,0.005944,2.149,0.9268,101018.94,466.956,285.364
5/7/2007 22:00,0,0,289.284,0.00591,1.8292,1.6976,100944.52,305.392,283.79
5/7/2007 23:00,0,0,286.838,0.00587,1.5046,2.4738,100869.08,132.06,282.192
5/8/2007 0:00,0,0,284.394,0.00582,1.1766,3.2466,100793.66,0,253.908
5/8/2007 1:00,0,0,282.82,0.005336,1.516,3.2142,100820.58,0,252.884
5/8/2007 2:00,0,0,281.25,0.004866,1.8476,3.181,100846.1,0,251.866
5/8/2007 3:00,0,0,279.68,0.00441,2.183,3.1532,100872.58,0,242.906
5/8/2007 4:00,0,0,278.732,0.004252,2.6984,2.6216,100799.78,0,242.062
5/8/2007 5:00,0,0,277.786,0.004098,3.2176,2.0894,100727.06,0,241.224
5/8/2007 6:00,0,0,276.842,0.00395,3.7322,1.5584,100654.96,0,236.604
5/8/2007 7:00,0,0,276.37,0.003814,3.749,1.422,100645.34,0,236.514
5/8/2007 8:00,0,0,275.906,0.003676,3.7686,1.2888,100634.92,0,236.416
5/8/2007 9:00,0,0,275.434,0.003546,3.7816,1.1578,100627.68,0,238.546
5/8/2007 10:00,0,0,277.962,0.003928,3.955,1.175,100627,43.866,240.488
5/8/2007 11:00,0,0,280.496,0.004334,4.1234,1.1918,100629.44,191.054,242.446
5/8/2007 12:00,0,0,283.022,0.004758,4.2968,1.2092,100630.34,380.288,270.232
5/8/2007 13:00,0,0,285.994,0.005322,4.312,1.9326,100642.26,557.222,272.43
5/8/2007 14:00,0,0,288.974,0.00592,4.331,2.659,100653.9,723.234,274.64
5/8/2007 15:00,0,0,291.944,0.006536,4.3508,3.3812,100665.36,813.69,299.182
5/8/2007 16:00,0,0,293.294,0.006936,4.7624,3.5864,100597.38,899.288,300.698
5/8/2007 17:00,0,0,294.646,0.007352,5.1718,3.7918,100527.76,904.792,302.228
5/8/2007 18:00,0,0,295.994,0.007774,5.5798,4.002,100459.24,831.132,315.958
5/8/2007 19:00,0,0,296.416,0.008352,5.4508,4.0048,100362.78,759.414,317.02
5/8/2007 20:00,0,0,296.832,0.008944,5.3168,4.0062,100266.06,630.038,318.084
5/8/2007 21:00,0,0,297.25,0.009552,5.1878,4.008,100169.62,463.072,311.334
5/8/2007 22:00,0,0,293.918,0.00892,4.6586,4.0988,100186.72,303.852,305.646
5/8/2007 23:00,0,0,290.568,0.008294,4.1348,4.197,100203.34,133.028,299.88
5/9/2007 0:00,0,0,287.236,0.007694,3.61,4.2916,100219.72,0,273.782
5/9/2007 1:00,0,0,285.442,0.007152,4.0176,3.8766,100184.1,0,270.358
5/9/2007 2:00,0,0,283.642,0.006632,4.4296,3.4536,100147.56,0,266.89
5/9/2007 3:00,0,0,281.85,0.006146,4.8378,3.0378,100112.06,0,266.734
5/9/2007 4:00,0,0,281.438,0.006058,4.7272,2.5246,100101.26,0,266.382
5/9/2007 5:00,0,0,281.026,0.005974,4.6196,2.0068,100090.04,0,266.066
5/9/2007 6:00,0,0,280.618,0.00589,4.5092,1.497,100080.94,0,269.062
5/9/2007 7:00,0,0,280.55,0.005882,4.3476,1.33,100046.5,0,269.516
5/9/2007 8:00,0,0,280.482,0.005876,4.186,1.1676,100011.46,0,269.972
5/9/2007 9:00,0,0,280.414,0.005864,4.0254,1.0024,99977.74,0,277.596
5/9/2007 10:00,0,0,282.84,0.006662,4.339,1.3158,100082.72,44.704,281.114
5/9/2007 11:00,0,0,285.278,0.007526,4.658,1.6232,100185.66,185.8,284.692
5/9/2007 12:00,0,0,287.7,0.008446,4.9726,1.9344,100290.74,374.366,308.92
5/9/2007 13:00,0,0,290.662,0.009542,5.014,1.925,100212.78,547.266,312.04
5/9/2007 14:00,0,0,293.628,0.010702,5.0578,1.9154,100134.44,709.468,315.166
5/9/2007 15:00,0,0,296.586,0.011926,5.0974,1.9144,100057.18,796.478,343.254
5/9/2007 16:00,0,0,297.56,0.012154,4.8878,2.233,100022.7,879.978,344.36
5/9/2007 17:00,0,0,298.534,0.012382,4.6746,2.5588,99987.48,885.246,345.462
5/9/2007 18:00,0,0,299.51,0.012612,4.46,2.885,99953.36,810.942,357.546
5/9/2007 19:00,0,0,299.75,0.012994,4.3886,3.0994,99913.58,741.258,357.946
5/9/2007 20:00,0,0,299.998,0.013384,4.3134,3.3082,99872.82,615.404,358.378
5/9/2007 21:00,0,0,300.242,0.013772,4.2388,3.522,99833.16,452.278,350.682
5/9/2007 22:00,0,0,296.958,0.012816,3.872,3.7356,99821.14,297.756,344.588
5/9/2007 23:00,0,0,293.654,0.011882,3.5012,3.9494,99809.06,131.924,338.448
5/10/2007 0:00,0,0,290.368,0.010994,3.139,4.1634,99797.7,0,319.112
5/10/2007 1:00,0,0,289.61,0.010734,3.7196,3.861,99833.78,0,318.248
5/10/2007 2:00,0,0,288.848,0.010472,4.3052,3.5586,99871.42,0,317.362
5/10/2007 3:00,0,0,288.09,0.010212,4.8934,3.253,99909.1,0,314.248
5/10/2007 4:00,0,0,287.588,0.009928,4.5584,2.8874,99828.46,0,313.776
5/10/2007 5:00,0,0,287.084,0.00964,4.2262,2.526,99747.02,0,313.266
5/10/2007 6:00,0,0,286.582,0.00936,3.8858,2.162,99665.86,0,314.912
5/10/2007 7:00,0,0,286.526,0.009358,3.7546,2.1762,99719.88,0,315.616
5/10/2007 8:00,0,0,286.47,0.00936,3.6196,2.185,99773.3,0,316.322
5/10/2007 9:00,0,0,286.418,0.00936,3.4846,2.1982,99826.02,0,318.85
5/10/2007 10:00,0,0,287.902,0.009962,3.5896,1.7996,99814.44,47.196,320.424
5/10/2007 11:00,0,0,289.38,0.010578,3.704,1.3926,99802.86,187.974,322.006
5/10/2007 12:00,0,0,290.864,0.011216,3.813,0.9842,99790.72,362.986,354.242
5/10/2007 13:00,0,0,293.058,0.012388,3.5212,1.5352,99808.1,529.43,355.256
5/10/2007 14:00,0,0,295.258,0.01359,3.2276,2.0848,99825.82,685.58,356.262
5/10/2007 15:00,0,0,297.454,0.014816,2.9346,2.6354,99843.14,777.596,381.172
5/10/2007 16:00,0,0,298.16,0.014834,2.9444,3.1174,99786.06,858.876,381.23
5/10/2007 17:00,0,0,298.868,0.014856,2.9526,3.5902,99729.08,863.936,381.286
5/10/2007 18:00,0,0,299.576,0.01488,2.9664,4.0712,99672.24,789.126,384.214
5/10/2007 19:00,0,0,299.45,0.014818,3.1334,4.0802,99643.28,721.524,383.784
5/10/2007 20:00,0,0,299.324,0.014756,3.297,4.09,99616.44,599.476,383.386
5/10/2007 21:00,0,0,299.2,0.014694,3.4642,4.0946,99587.8,439.016,365.468
5/10/2007 22:00,0,0,296.876,0.01397,3.0756,3.8158,99591.86,289.968,363.514
5/10/2007 23:00,0,0,294.55,0.013262,2.6916,3.5342,99595.62,129.952,361.536
5/11/2007 0:00,0,0,292.224,0.012572,2.3042,3.2518,99599.36,0,336.028
5/11/2007 1:00,0,0,291.212,0.012068,2.5432,3.2582,99619.74,0,335.198
5/11/2007 2:00,0,0,290.194,0.011558,2.787,3.2674,99639.68,0,334.308
5/11/2007 3:00,0,0,289.182,0.011068,3.0348,3.2754,99660.1,0,329.674
5/11/2007 4:00,0,0,288.552,0.010682,2.8364,2.9708,99605.22,0,329.108
5/11/2007 5:00,0,0,287.916,0.010294,2.6438,2.6698,99550.74,0,328.496
5/11/2007 6:00,0,0,287.286,0.009918,2.4456,2.365,99495.66,0,335.83
5/11/2007 7:00,0,0,286.928,0.009708,2.129,2.2738,99469.86,0,335.492
5/11/2007 8:00,0,0,286.568,0.0095,1.8126,2.1766,99446.14,0,335.166
5/11/2007 9:00,0,0,286.214,0.009296,1.5002,2.0864,99421.26,0,345.55
5/11/2007 10:00,0,0,287.406,0.009776,1.696,2.3722,99455.4,40.012,347.846
5/11/2007 11:00,0,0,288.592,0.010272,1.8946,2.6624,99489.46,153.292,350.132
5/11/2007 12:00,0,0,289.786,0.010782,2.0978,2.9572,99524.48,253.446,366.25
5/11/2007 13:00,0,0,290.628,0.01115,2.5428,2.9418,99548.5,368.79,367.746
5/11/2007 14:00,0.000002,0.000000002,291.476,0.011524,2.9924,2.929,99573.12,477.274,369.272
5/11/2007 15:00,0.003952,0.000003952,292.318,0.011908,3.4408,2.9124,99595.76,446.764,382.186
5/11/2007 16:00,0.187972,0.000187972,292.59,0.01192,3.4946,2.5058,99566,493.314,382.528
5/11/2007 17:00,0.18469,0.00018469,292.866,0.01194,3.5498,2.099,99537.22,496.13,382.9
5/11/2007 18:00,0.37592,0.00037592,293.138,0.011954,3.6038,1.6932,99507.26,638.218,373.234
5/11/2007 19:00,0.002132,0.000002132,294.26,0.012354,3.6012,1.592,99414.1,583.756,374.852
5/11/2007 20:00,0,0,295.386,0.012764,3.5936,1.4904,99321.24,485.218,376.502
5/11/2007 21:00,0,0,296.51,0.01318,3.5828,1.3916,99229.48,395.894,367.12
5/11/2007 22:00,0,0,294.83,0.01273,3.4044,1.2854,99270.26,262.252,365.006
5/11/2007 23:00,0,0,293.152,0.012292,3.226,1.1856,99312.28,118.856,362.906
5/12/2007 0:00,0,0,291.474,0.011854,3.0438,1.083,99354.38,0,381.684
5/12/2007 1:00,0,0,291.282,0.011768,3.1142,0.7234,99360.08,0,381.758
5/12/2007 2:00,0,0,291.088,0.011682,3.1756,0.3598,99365.16,0,381.81
5/12/2007 3:00,0,0,290.898,0.011592,3.2434,0.0042,99371.42,0,373.466
5/12/2007 4:00,0,0,290.526,0.011282,3.0836,-0.6322,99391.3,0,373.36
5/12/2007 5:00,0,0,290.16,0.010976,2.9286,-1.2632,99412.56,0,373.256
5/12/2007 6:00,0,0,289.794,0.010668,2.7658,-1.895,99433.66,0,347.378
5/12/2007 7:00,0,0,289.31,0.010268,2.0452,-2.2902,99473.3,0,347.284
5/12/2007 8:00,0,0,288.828,0.009868,1.3266,-2.6802,99513.04,0,347.176
5/12/2007 9:00,0,0,288.346,0.00947,0.6076,-3.0714,99552.18,0,319.328
5/12/2007 10:00,0,0,289.738,0.009884,0.0008,-3.4974,99615.46,48.29,322.014
5/12/2007 11:00,0,0,291.126,0.010316,-0.5972,-3.9284,99678.6,178.506,324.728
5/12/2007 12:00,0,0,292.52,0.010758,-1.199,-4.3544,99739.94,369.602,322.326
5/12/2007 13:00,0,0,293.004,0.01035,-2.3256,-3.9778,99740.64,536.792,322.892
5/12/2007 14:00,0,0,293.488,0.009932,-3.4568,-3.6014,99740.7,693.608,323.416
5/12/2007 15:00,0,0,293.968,0.009512,-4.588,-3.2244,99739.78,728.452,338.414
5/12/2007 16:00,0,0,293.942,0.00954,-4.2336,-2.3596,99753.46,804.114,338.3
5/12/2007 17:00,0,0,293.92,0.009578,-3.8792,-1.4856,99766.62,808.744,338.262
5/12/2007 18:00,0,0,293.894,0.009608,-3.529,-0.6208,99781.28,718.754,360.82
5/12/2007 19:00,0,0,293.816,0.009608,-3.5766,-0.134,99733.98,657.642,360.762
5/12/2007 20:00,0,0,293.74,0.009612,-3.6228,0.3564,99685.64,547.172,360.694
5/12/2007 21:00,0,0,293.664,0.009616,-3.6794,0.8482,99639.62,396.068,356.416
5/12/2007 22:00,0,0,292.266,0.009532,-3.3602,1.3116,99700.78,263.204,356.902
5/12/2007 23:00,0,0,290.862,0.009448,-3.0422,1.7822,99761.78,120.574,357.406
5/13/2007 0:00,0,0,289.466,0.009368,-2.7242,2.2496,99822.48,0,315.57
5/13/2007 1:00,0,0,287.882,0.008704,-2.0986,2.0342,99882.46,0,314.574
5/13/2007 2:00,0.000002,0.000000002,286.298,0.008048,-1.4798,1.8146,99943.82,0,313.532
5/13/2007 3:00,0,0,284.72,0.007416,-0.855,1.6036,100004.78,0,343.172
5/13/2007 4:00,0.063412,0.000063412,284.236,0.007392,-0.6086,1.1276,99957.9,0,342.37
5/13/2007 5:00,0.178832,0.000178832,283.754,0.007368,-0.3634,0.6492,99910.28,0,341.542
5/13/2007 6:00,0.038764,0.000038764,283.274,0.00734,-0.1178,0.1742,99862.34,0,329.68
5/13/2007 7:00,0.076266,0.000076266,282.916,0.00717,0.2372,0.0104,99887.72,0,328.916
5/13/2007 8:00,0,0,282.554,0.007002,0.5838,-0.1568,99911.66,0,328.138
5/13/2007 9:00,0.00136,0.00000136,282.2,0.006832,0.9376,-0.3238,99936.94,0,303.678
5/13/2007 10:00,0,0,283.384,0.006864,0.5458,-1.9116,99982.9,49.336,305.03
5/13/2007 11:00,0,0,284.566,0.006884,0.1578,-3.5028,100029.52,176.496,306.38
5/13/2007 12:00,0,0,285.752,0.006904,-0.2336,-5.0876,100076.36,390.366,277.7
5/13/2007 13:00,0,0,287.526,0.006796,-0.5042,-5.3988,100099.54,565.8,280.5
5/13/2007 14:00,0,0,289.302,0.00666,-0.7778,-5.71,100121.02,730.404,283.292
5/13/2007 15:00,0,0,291.08,0.006488,-1.0512,-6.0188,100144.64,830.996,287.564
5/13/2007 16:00,0,0,291.56,0.00636,-0.455,-6.1274,100135.5,917.058,287.756
5/13/2007 17:00,0,0,292.05,0.006234,0.1444,-6.231,100126.54,922.308,287.96
5/13/2007 18:00,0,0,292.532,0.006102,0.7412,-6.342,100117.66,852.334,289.62
5/13/2007 19:00,0,0,292.336,0.005966,1.2818,-6.4464,100113.96,780.158,289.118
5/13/2007 20:00,0,0,292.146,0.005834,1.8256,-6.5438,100110.5,649.508,288.63
5/13/2007 21:00,0,0,291.95,0.005696,2.3748,-6.6496,100106.8,485.384,279.286
5/13/2007 22:00,0,0,290.082,0.005648,2.0548,-5.6006,100098.5,323.49,278.608
5/13/2007 23:00,0,0,288.208,0.005592,1.738,-4.5564,100091.48,149.742,277.886
5/14/2007 0:00,0,0,286.34,0.005536,1.4272,-3.5152,100083.84,0,246.778
5/14/2007 1:00,0,0,284.862,0.004872,1.5168,-3.5488,100207.74,0,245.816
5/14/2007 2:00,0,0,283.372,0.004226,1.6132,-3.5884,100334.62,0,244.838
5/14/2007 3:00,0,0,281.894,0.003602,1.7084,-3.6292,100460.08,0,239.42
5/14/2007 4:00,0,0,281.052,0.003486,1.5272,-3.6314,100470.6,0,238.616
5/14/2007 5:00,0,0,280.198,0.00337,1.3476,-3.6322,100479.84,0,237.82
5/14/2007 6:00,0,0,279.358,0.003258,1.173,-3.6376,100490.04,0,236.18
5/14/2007 7:00,0,0,278.806,0.003156,1.2506,-3.503,100527.78,0,235.758
5/14/2007 8:00,0,0,278.258,0.003058,1.3292,-3.3784,100567.3,0,235.338
5/14/2007 9:00,0,0,277.708,0.002958,1.41,-3.2444,100605.32,0,240.43
5/14/2007 10:00,0,0,279.812,0.003486,1.6108,-2.63,100624.38,59.862,240.652
5/14/2007 11:00,0,0,281.926,0.004022,1.8136,-2.0108,100644.58,207.82,240.866
5/14/2007 12:00,0,0,284.034,0.004558,2.0156,-1.3966,100664.74,397.26,264.37
5/14/2007 13:00,0,0,286.258,0.004634,2.5882,-1.182,100636.92,574.696,265.074
5/14/2007 14:00,0,0,288.484,0.004716,3.1612,-0.9722,100609.1,741.188,265.804
5/14/2007 15:00,0,0,290.704,0.004792,3.7376,-0.7588,100581.16,828.182,285.528
5/14/2007 16:00,0,0,291.506,0.005084,4.3924,-0.1304,100564.42,913.766,286.046
5/14/2007 17:00,0,0,292.314,0.00538,5.05,0.5008,100547.42,918.922,286.582
5/14/2007 18:00,0,0,293.116,0.005684,5.7092,1.1338,100530.16,840.882,300.308
5/14/2007 19:00,0,0,293.39,0.005984,5.737,1.3178,100470.86,769.918,300.758
5/14/2007 20:00,0,0,293.67,0.00629,5.7656,1.505,100411.46,641.442,301.228
5/14/2007 21:00,0,0,293.948,0.006596,5.7954,1.6898,100350.32,478.966,297.088
5/14/2007 22:00,0,0,291.3,0.006508,5.0476,2.0206,100275.62,320.148,293.992
5/14/2007 23:00,0,0,288.646,0.006406,4.303,2.3506,100201.62,149.686,290.856
5/15/2007 0:00,0,0,285.996,0.006288,3.5558,2.6772,100127.46,0,262.754
5/15/2007 1:00,0,0,284.252,0.00571,3.6126,2.5516,100169.64,0,260.858
5/15/2007 2:00,0,0,282.502,0.00516,3.6692,2.4178,100210.48,0,258.982
5/15/2007 3:00,0,0,280.752,0.004638,3.7272,2.2924,100253.54,0,257.438
5/15/2007 4:00,0,0,280.44,0.004644,3.938,2.2062,100153.22,0,257.35
5/15/2007 5:00,0,0,280.122,0.00465,4.1484,2.115,100052.02,0,257.22
5/15/2007 6:00,0,0,279.808,0.004658,4.3596,2.025,99952.68,0,282.27
5/15/2007 7:00,0,0,280.258,0.004868,4.2958,2.4844,99903.94,0,282.848
5/15/2007 8:00,0,0,280.714,0.005086,4.2304,2.9378,99854.88,0,283.454
5/15/2007 9:00,0,0,281.166,0.00531,4.1682,3.397,99805.9,0,345.354
5/15/2007 10:00,0,0,282.646,0.005798,4.6496,3.8686,99739.48,30.27,346.916
5/15/2007 11:00,0,0,284.126,0.0063,5.1322,4.3412,99671.38,102.21,348.466
5/15/2007 12:00,0,0,285.602,0.006822,5.6142,4.814,99604.56,275.274,354.102
5/15/2007 13:00,0,0,287.488,0.007456,6.2198,4.9374,99541.7,397.49,355.206
5/15/2007 14:00,0,0,289.378,0.008112,6.8262,5.0612,99479.36,512.204,356.324
5/15/2007 15:00,0,0,291.262,0.008774,7.4266,5.1892,99415.66,683.028,358.816
5/15/2007 16:00,0,0,292.842,0.009618,7.1508,5.248,99289.84,753.484,359.842
5/15/2007 17:00,0,0,294.424,0.010478,6.876,5.3116,99163.58,757.616,360.866
5/15/2007 18:00,0,0,296.002,0.011362,6.5956,5.3706,99037.2,723.628,367.856
5/15/2007 19:00,0,0,296.688,0.012096,6.7926,5.1304,98989.08,662.8,368.698
5/15/2007 20:00,0,0,297.382,0.012842,6.9894,4.8846,98941.36,552.582,369.546
5/15/2007 21:00,0,0,298.068,0.0136,7.1796,4.6488,98894.3,438.502,369.578
5/15/2007 22:00,0,0,296.452,0.013212,6.6146,4.1586,98914.08,293.976,366.956
5/15/2007 23:00,0,0,294.83,0.01282,6.0466,3.6742,98932.86,138.776,364.258
5/16/2007 0:00,0,0,293.22,0.012438,5.4728,3.19,98953.28,0,362.702
5/16/2007 1:00,0,0,291.88,0.011538,5.3218,3.3992,98960.96,0,358.906
5/16/2007 2:00,0.002398,0.000002398,290.546,0.010684,5.1736,3.6058,98966.82,0,355.102
5/16/2007 3:00,0.008212,0.000008212,289.212,0.009882,5.0212,3.8112,98974.5,0,344.148
5/16/2007 4:00,0,0,288.634,0.009708,5.128,3.5812,98987.96,0,343.156
5/16/2007 5:00,0.000202,0.000000202,288.058,0.009538,5.236,3.348,99000.02,0,342.134
5/16/2007 6:00,0.000002,0.000000002,287.486,0.009368,5.3426,3.1186,99012.7,0,318.522
5/16/2007 7:00,0,0,286.886,0.009066,4.8886,2.9704,98988.16,0,317.946
5/16/2007 8:00,0,0,286.286,0.00877,4.4348,2.8212,98964.4,0,317.378
5/16/2007 9:00,0,0,285.69,0.008474,3.9798,2.6786,98940.44,0,314.322
5/16/2007 10:00,0,0,287.142,0.009094,3.9926,2.798,98970.52,59.838,315.974
5/16/2007 11:00,0,0,288.59,0.009738,4.0108,2.9162,99000.06,196.936,317.592
5/16/2007 12:00,0,0,290.044,0.010402,4.0246,3.035,99028.76,380.728,339.34
5/16/2007 13:00,0,0,292.242,0.011276,4.1752,3.7248,98964.04,548.788,341.988
5/16/2007 14:00,0,0,294.442,0.012194,4.3158,4.4186,98900.2,706.5,344.648
5/16/2007 15:00,0,0,296.642,0.013142,4.4614,5.1036,98835.86,792.142,364.072
5/16/2007 16:00,0,0,297.148,0.013366,4.6426,5.8094,98824.52,873.594,364.758
5/16/2007 17:00,0,0,297.654,0.013592,4.8284,6.52,98813.2,878.446,365.444
5/16/2007 18:00,0,0,298.158,0.01382,5.0104,7.2254,98802.04,629.222,382.39
5/16/2007 19:00,0,0,297.366,0.013922,4.5086,6.9908,98744.64,576.454,382.094
5/16/2007 20:00,0.000112,0.000000112,296.574,0.014028,3.998,6.7638,98688.22,481.064,381.858
5/16/2007 21:00,0,0,295.778,0.014128,3.4916,6.5292,98630.04,271.722,393.874
5/16/2007 22:00,2.899864,0.002899864,294.394,0.013532,3.5598,5.486,98712.78,182.79,393.004
5/16/2007 23:00,1.061964,0.001061964,293.004,0.012938,3.628,4.444,98796.28,87.078,392.118
5/17/2007 0:00,0.152516,0.000152516,291.62,0.01236,3.6926,3.4056,98879.28,0,388.29
5/17/2007 1:00,0.824298,0.000824298,290.364,0.011474,3.2196,2.2806,98960.04,0,387.194
5/17/2007 2:00,0.75791,0.00075791,289.098,0.010602,2.747,1.1556,99039.24,0,386.1
5/17/2007 3:00,0.22259,0.00022259,287.842,0.00975,2.2748,0.035,99120.48,0,366.298
5/17/2007 4:00,0.228646,0.000228646,287.136,0.009382,1.966,-0.5796,99148.64,0,365.332
5/17/2007 5:00,0.096578,0.000096578,286.43,0.00902,1.6576,-1.2016,99175.64,0,364.362
5/17/2007 6:00,0,0,285.724,0.008662,1.3536,-1.8166,99204.78,0,321.328
5/17/2007 7:00,0,0,284.644,0.008098,1.0182,-2.0184,99321.64,0,320.444
5/17/2007 8:00,0,0,283.562,0.007542,0.6818,-2.2186,99440.2,0,319.538
5/17/2007 9:00,0,0,282.476,0.007,0.3456,-2.4254,99556.8,0,285.102
5/17/2007 10:00,0,0,283.366,0.007172,-0.1164,-2.7028,99635.48,63.078,286.08
5/17/2007 11:00,0,0,284.25,0.007344,-0.5786,-2.9806,99714.92,202.702,287.062
5/17/2007 12:00,0,0,285.132,0.00752,-1.0462,-3.2584,99795.2,390.658,293.804
5/17/2007 13:00,0,0,286.958,0.007838,-0.9488,-2.808,99871.12,562.1,297.714
5/17/2007 14:00,0,0,288.784,0.008158,-0.8486,-2.3582,99947.96,723.024,301.67
5/17/2007 15:00,0,0,290.602,0.008478,-0.7546,-1.9104,100023.52,755.138,332.354
5/17/2007 16:00,0,0,291.16,0.008606,-1.1828,-1.2348,100037.12,832.652,332.408
5/17/2007 17:00,0,0,291.72,0.008734,-1.61,-0.564,100052.28,837.218,332.476
5/17/2007 18:00,0,0,292.276,0.008864,-2.038,0.1108,100067.36,667.894,361.84
5/17/2007 19:00,0,0,291.758,0.00888,-2.3936,1.329,100137.82,612.134,360.894
5/17/2007 20:00,0,0,291.244,0.008898,-2.7496,2.5428,100209.74,511.086,359.97
5/17/2007 21:00,0,0,290.724,0.008912,-3.103,3.7606,100282.14,347.348,347.532
5/17/2007 22:00,0,0,289.156,0.00863,-3.5402,2.6544,100297.34,234.234,346.578
5/17/2007 23:00,0,0,287.586,0.00835,-3.974,1.5484,100312.86,112.604,345.584
5/18/2007 0:00,0,0,286.02,0.008076,-4.4152,0.4434,100330.14,0,334.012
5/18/2007 1:00,0,0,284.628,0.007504,-4.8028,0.0204,100427.08,0,333.636
5/18/2007 2:00,0,0,283.228,0.006934,-5.191,-0.4136,100524.8,0,333.232
5/18/2007 3:00,0,0,281.838,0.006368,-5.5826,-0.836,100621.82,0,329.848
5/18/2007 4:00,0,0,281.172,0.006116,-5.3154,-1.7506,100583,0,329.566
5/18/2007 5:00,0.200224,0.000200224,280.5,0.005866,-5.0534,-2.6674,100545.68,0,329.286
5/18/2007 6:00,0.593652,0.000593652,279.83,0.005616,-4.791,-3.582,100507.8,0,333.712
5/18/2007 7:00,0.355248,0.000355248,279.612,0.005582,-4.6762,-3.7344,100503.8,0,333.418
5/18/2007 8:00,0.198742,0.000198742,279.394,0.00555,-4.5622,-3.8808,100500.44,0,333.09
5/18/2007 9:00,0.537566,0.000537566,279.176,0.005512,-4.4472,-4.0322,100497.06,0,340.798
5/18/2007 10:00,0.668182,0.000668182,279.272,0.00552,-4.459,-4.3732,100496.82,19.214,340.382
5/18/2007 11:00,0.329004,0.000329004,279.366,0.00552,-4.4672,-4.7138,100497.04,60.398,339.946
5/18/2007 12:00,0.270386,0.000270386,279.464,0.005522,-4.4762,-5.0562,100497.34,101.484,338.726
5/18/2007 13:00,0.000978,0.000000978,279.958,0.005712,-4.5718,-5.1,100454.52,145.812,340.564
5/18/2007 14:00,0.000294,0.000000294,280.456,0.005906,-4.6682,-5.1486,100411.64,187.382,342.418
5/18/2007 15:00,0.07995,0.00007995,280.952,0.006112,-4.7646,-5.1926,100368.96,196.256,350.176
5/18/2007 16:00,0.092924,0.000092924,281.526,0.006358,-4.1172,-5.39,100314.06,216.348,351.516
5/18/2007 17:00,0.346654,0.000346654,282.104,0.006614,-3.4692,-5.5958,100259.08,217.574,352.892
5/18/2007 18:00,0.228456,0.000228456,282.68,0.00688,-2.8258,-5.7952,100204.04,183.304,355.354
5/18/2007 19:00,0.097422,0.000097422,282.676,0.00688,-2.6388,-5.6694,100155.34,168.076,354.92
5/18/2007 20:00,0.079214,0.000079214,282.674,0.006884,-2.4554,-5.5474,100106.58,140.398,354.502
5/18/2007 21:00,0.000354,0.000000354,282.672,0.006884,-2.2734,-5.4212,100057.92,108.04,351.246
5/18/2007 22:00,0.084668,0.000084668,282.016,0.006612,-2.0874,-5.618,100031.32,73.012,348.578
5/18/2007 23:00,0.004498,0.000004498,281.368,0.006352,-1.9006,-5.8168,100003.24,35.41,345.924
5/19/2007 0:00,0.00562,0.00000562,280.714,0.0061,-1.7142,-6.0172,99975.68,0,338.474
5/19/2007 1:00,0.122444,0.000122444,280.088,0.005866,-1.52,-6.0132,99943.86,0,338.708
5/19/2007 2:00,0.189056,0.000189056,279.46,0.005626,-1.3162,-6.0144,99912.12,0,338.936
5/19/2007 3:00,0.280264,0.000280264,278.83,0.005384,-1.1118,-6.0144,99880.18,0,340.914
5/19/2007 4:00,0.023986,0.000023986,279.024,0.005444,-0.4418,-5.718,99836.06,0,340.858
5/19/2007 5:00,0.000696,0.000000696,279.216,0.005508,0.2274,-5.4166,99793.22,0,340.824
5/19/2007 6:00,0.000602,0.000000602,279.41,0.005574,0.9012,-5.1198,99750.02,0,335.502
5/19/2007 7:00,0.000104,0.000000104,279.456,0.005602,1.1442,-4.8288,99678.6,0,335.32
5/19/2007 8:00,0,0,279.502,0.005632,1.3858,-4.5286,99608.48,0,335.158
5/19/2007 9:00,0,0,279.55,0.005662,1.6288,-4.2382,99537.3,0,342.46
5/19/2007 10:00,0.000092,0.000000092,280.164,0.00581,1.7336,-3.959,99528.14,26.192,342.034
5/19/2007 11:00,0.00046,0.00000046,280.776,0.005956,1.8348,-3.675,99517.82,80.66,341.604
5/19/2007 12:00,0.000616,0.000000616,281.388,0.006102,1.9432,-3.395,99508.96,131.93,351.968
5/19/2007 13:00,0.054146,0.000054146,281.846,0.006248,2.219,-3.2852,99512.72,189.246,351.434
5/19/2007 14:00,0,0,282.306,0.00639,2.4848,-3.1804,99516.3,243.048,350.872
5/19/2007 15:00,0,0,282.768,0.006532,2.7558,-3.0746,99520.74,270.69,357.544
5/19/2007 16:00,0,0,283.112,0.006638,2.6158,-2.6828,99539.1,298.37,356.56
5/19/2007 17:00,0,0,283.464,0.006742,2.4748,-2.292,99557.94,300.018,355.6
5/19/2007 18:00,0.06378,0.00006378,283.812,0.006842,2.339,-1.9014,99576.46,298.246,356.42
5/19/2007 19:00,0,0,283.876,0.006904,2.6124,-1.565,99482.34,273.568,355.398
5/19/2007 20:00,0,0,283.946,0.006964,2.8846,-1.2296,99387.38,228.664,354.368
5/19/2007 21:00,0,0,284.012,0.00702,3.1576,-0.8912,99293,171.576,350.814
5/19/2007 22:00,0,0,283.452,0.00695,2.8886,-0.3306,99313.68,116.278,350.572
5/19/2007 23:00,0,0,282.892,0.006882,2.6134,0.2344,99333.86,56.864,350.314
5/20/2007 0:00,0.037124,0.000037124,282.328,0.00681,2.3446,0.7974,99353.56,0,335.512
5/20/2007 1:00,0,0,281.934,0.006696,2.2818,0.8564,99309.42,0,335.838
5/20/2007 2:00,0.000378,0.000000378,281.536,0.006576,2.2148,0.9184,99265.56,0,336.058
5/20/2007 3:00,0,0,281.14,0.00646,2.147,0.977,99220.82,0,332.77
5/20/2007 4:00,0,0,280.894,0.00641,2.1166,1.0262,99187.48,0,333.088
5/20/2007 5:00,0,0,280.64,0.006362,2.0864,1.067,99153.02,0,333.38
5/20/2007 6:00,0,0,280.392,0.006314,2.0564,1.1162,99119.06,0,320.132
5/20/2007 7:00,0,0,280.342,0.006324,2.1156,1.1404,99042.44,0,320.668
5/20/2007 8:00,0,0,280.29,0.006334,2.1708,1.1616,98965.58,0,321.192
5/20/2007 9:00,0.024428,0.000024428,280.24,0.006342,2.2298,1.1898,98889.16,0,321.674
5/20/2007 10:00,0.07096,0.00007096,281.106,0.006514,2.3956,0.9602,98871.08,44.12,322.004
5/20/2007 11:00,0,0,281.966,0.006688,2.5562,0.735,98851.62,133.284,322.31
5/20/2007 12:00,0.000468,0.000000468,282.83,0.00686,2.72,0.511,98834.04,234.09,327.688
5/20/2007 13:00,0,0,283.452,0.007138,3.2462,0.2312,98822.12,335.232,327.958
5/20/2007 14:00,0,0,284.07,0.007424,3.7672,-0.049,98811.56,430.374,328.246
5/20/2007 15:00,0.027216,0.000027216,284.684,0.00771,4.2918,-0.3248,98800.04,518.16,347.838
5/20/2007 16:00,0.005262,0.000005262,286.324,0.008006,4.8706,-0.7404,98818.02,570.976,348.188
5/20/2007 17:00,0,0,287.964,0.008302,5.4554,-1.156,98837.5,574.18,348.542
5/20/2007 18:00,0,0,289.604,0.008606,6.0296,-1.571,98854.34,704.882,329.986
5/20/2007 19:00,0,0,290.182,0.008428,6.4168,-1.4582,98795.24,646.704,330.326
5/20/2007 20:00,0,0,290.764,0.00825,6.8,-1.349,98734.2,540.914,330.67
5/20/2007 21:00,0.015594,0.000015594,291.346,0.00807,7.1872,-1.2318,98674.78,303.852,348.258
5/20/2007 22:00,0.68215,0.00068215,290.232,0.007994,6.3866,-1.4124,98776.8,206.442,348.618
5/20/2007 23:00,0.000998,0.000000998,289.114,0.007912,5.59,-1.5926,98877.88,101.792,348.942
5/21/2007 0:00,0,0,287.996,0.007836,4.7924,-1.7674,98981,0,327.72
5/21/2007 1:00,0.336882,0.000336882,287.188,0.00772,4.3908,-1.6348,99020.6,0,327.864
5/21/2007 2:00,0.044256,0.000044256,286.372,0.007602,3.9896,-1.5034,99059.72,0,327.964
5/21/2007 3:00,0,0,285.562,0.00748,3.5836,-1.37,99098.28,0,326.426
5/21/2007 4:00,0,0,284.928,0.007346,3.7592,-1.7716,99163.84,0,326.6
5/21/2007 5:00,0.000262,0.000000262,284.294,0.007212,3.9296,-2.1802,99227.52,0,326.76
5/21/2007 6:00,0,0,283.666,0.00708,4.1062,-2.5824,99292.3,0,318.836
5/21/2007 7:00,0,0,283.092,0.006906,3.7368,-2.6874,99316.96,0,319.038
5/21/2007 8:00,0,0,282.522,0.00673,3.3666,-2.7868,99342.28,0,319.25
5/21/2007 9:00,0,0,281.952,0.006556,2.9932,-2.882,99366.32,0,290.354
5/21/2007 10:00,0,0,282.894,0.006714,3.1024,-3.5886,99498.02,70.374,290.274
5/21/2007 11:00,0,0,283.836,0.006872,3.211,-4.295,99628.54,208.862,290.21
5/21/2007 12:00,0,0,284.782,0.00703,3.3154,-5.0012,99759.34,392.75,284.108
5/21/2007 13:00,0,0,285.496,0.00687,2.8864,-5.5414,99799.9,561.758,283.846
5/21/2007 14:00,0,0,286.212,0.00671,2.4572,-6.0836,99840.82,720.48,283.588
5/21/2007 15:00,0,0,286.926,0.006552,2.0272,-6.6248,99880.74,643.358,336.024
5/21/2007 16:00,0,0,287.42,0.006692,2.1608,-5.8538,99907.1,708.952,335.704
5/21/2007 17:00,0,0,287.912,0.006834,2.2882,-5.082,99933.96,712.848,335.4
5/21/2007 18:00,0,0,288.41,0.006968,2.4212,-4.3104,99961.04,616.44,357.36
5/21/2007 19:00,0,0,288.73,0.00705,2.5054,-3.7786,100000.02,565.778,357.418
5/21/2007 20:00,0,0,289.054,0.007132,2.5888,-3.2464,100040.38,473.492,357.466
5/21/2007 21:00,0,0,289.376,0.00722,2.6746,-2.7098,100081.04,369.976,354.836
5/21/2007 22:00,0,0,289.204,0.007644,2.5516,-2.1304,100147.1,251.992,358.018
5/21/2007 23:00,0,0,289.032,0.008092,2.4352,-1.5554,100213.92,125.242,361.21
5/22/2007 0:00,0,0,288.862,0.00857,2.32,-0.9754,100279.32,1.068,315.534
5/22/2007 1:00,0,0,287.184,0.007444,2.199,-1.2426,100322.1,0,312.962
5/22/2007 2:00,0,0,285.506,0.006386,2.0864,-1.5024,100363.8,0,310.368
5/22/2007 3:00,0,0,283.828,0.005392,1.9696,-1.764,100404.58,0,279.184
5/22/2007 4:00,0,0,282.646,0.005012,1.9658,-1.7912,100448.7,0,277.13
5/22/2007 5:00,0,0,281.46,0.004652,1.9592,-1.8106,100492.02,0,275.06
5/22/2007 6:00,0,0,280.276,0.004304,1.9512,-1.8346,100536.12,0,267.848
5/22/2007 7:00,0,0,279.464,0.004104,1.9556,-1.6994,100533.08,0,266.682
5/22/2007 8:00,0,0,278.65,0.003908,1.9644,-1.5662,100529.84,0,265.506
5/22/2007 9:00,0,0,277.838,0.00372,1.9682,-1.4298,100526.4,0,254.662
5/22/2007 10:00,0,0,279.846,0.004282,1.6144,-1.6224,100606.9,72.374,256.618
5/22/2007 11:00,0,0,281.854,0.004876,1.2568,-1.8112,100688.4,211.282,258.542
5/22/2007 12:00,0,0,283.866,0.005508,0.9002,-2.008,100770.36,401.804,280.03
5/22/2007 13:00,0,0,286.182,0.00579,0.8876,-1.5058,100839.68,573.964,283.088
5/22/2007 14:00,0,0,288.5,0.006076,0.875,-1.0078,100906.38,735.618,286.16
5/22/2007 15:00,0,0,290.818,0.006366,0.8674,-0.5102,100975.1,823.248,302.676
5/22/2007 16:00,0,0,291.708,0.006522,0.9384,-0.7808,100921.42,906.998,304.19
5/22/2007 17:00,0,0,292.602,0.006678,1.0182,-1.0442,100867.52,912.03,305.692
5/22/2007 18:00,0,0,293.49,0.00684,1.1006,-1.3142,100813.68,834.942,315.754
5/22/2007 19:00,0,0,293.678,0.006944,0.7994,-0.7632,100834.34,766.6,316.392
5/22/2007 20:00,0,0,293.866,0.007048,0.4978,-0.216,100854,642.022,317.042
5/22/2007 21:00,0,0,294.052,0.007152,0.1968,0.3356,100874.22,472.408,324.138
5/22/2007 22:00,0,0,291.902,0.007308,0.5148,1.1748,100842.86,322.55,321.336
5/22/2007 23:00,0,0,289.754,0.00743,0.8364,2.0186,100809.08,161.51,318.526
5/23/2007 0:00,0,0,287.604,0.007526,1.1526,2.8624,100777.9,1.63,284.33
5/23/2007 1:00,0,0,285.752,0.006788,1.488,2.8836,100866,0,282.056
5/23/2007 2:00,0,0,283.896,0.006084,1.8174,2.9076,100954.84,0,279.726
5/23/2007 3:00,0,0,282.048,0.005418,2.1526,2.9234,101042.9,0,267.132
5/23/2007 4:00,0,0,281.266,0.005258,2.439,2.4224,101039.72,0,266.226
5/23/2007 5:00,0,0,280.486,0.005096,2.7226,1.9174,101036.8,0,265.36
5/23/2007 6:00,0,0,279.704,0.004942,3.0112,1.412,101032.42,0,264.258
5/23/2007 7:00,0,0,279.322,0.004836,2.8514,1.44,101059.36,0,263.848
5/23/2007 8:00,0,0,278.938,0.004732,2.6928,1.4638,101085.76,0,263.438
5/23/2007 9:00,0,0,278.554,0.00463,2.5328,1.4928,101112.16,0,267.916
5/23/2007 10:00,0,0,281.48,0.005574,2.1072,1.2754,101135.9,73.85,272.11
5/23/2007 11:00,0,0,284.424,0.006628,1.6816,1.059,101161.34,212.326,276.38
5/23/2007 12:00,0,0,287.352,0.00778,1.2566,0.837,101185.18,337.746,321.13
5/23/2007 13:00,0,0,289.586,0.008666,1.7634,1.6442,101242.92,481.796,324.688
5/23/2007 14:00,0,0,291.83,0.009616,2.2722,2.443,101300.3,617.234,328.236
5/23/2007 15:00,0,0,294.068,0.01062,2.7796,3.2508,101358,453.068,371.1
5/23/2007 16:00,0,0,294.346,0.010826,2.7746,3.5454,101312.1,499.114,371.692
5/23/2007 17:00,0,0,294.632,0.011032,2.7692,3.8406,101265.9,501.874,372.29
5/23/2007 18:00,0,0,294.916,0.01124,2.7606,4.136,101219.84,609.802,367.124
5/23/2007 19:00,0,0,295.24,0.01154,3.035,4.1408,101182,560.056,367.8
5/23/2007 20:00,0,0,295.568,0.01184,3.312,4.1454,101143.88,469.378,368.466
5/23/2007 21:00,0,0,295.894,0.012138,3.592,4.154,101106.9,466.394,340.858
5/23/2007 22:00,0,0,293.272,0.011052,3.3516,3.9434,101100.6,319.18,334.72
5/23/2007 23:00,0,0,290.642,0.010034,3.1122,3.737,101095.82,161.01,328.574
5/24/2007 0:00,0,0,288.022,0.009088,2.8774,3.5338,101089.94,2,298.332
5/24/2007 1:00,0,0,285.79,0.007922,2.937,3.37,101123.72,0,293.242
5/24/2007 2:00,0,0,283.556,0.00687,2.9962,3.2084,101158.46,0,288.184
5/24/2007 3:00,0,0,281.328,0.005926,3.0636,3.0436,101191.26,0,280.982
5/24/2007 4:00,0,0,280.874,0.005812,3.2216,2.7552,101165.62,0,280.496
5/24/2007 5:00,0,0,280.416,0.00569,3.384,2.4704,101140.24,0,279.988
5/24/2007 6:00,0,0,279.964,0.005576,3.5468,2.1808,101115.16,0,281.228
5/24/2007 7:00,0,0,280.01,0.005592,3.8618,2.1192,101115.7,0,281.474
5/24/2007 8:00,0,0,280.062,0.00561,4.1776,2.0584,101116.98,0,281.696
5/24/2007 9:00,0,0,280.11,0.00562,4.4926,1.997,101118.32,0,290.066
5/24/2007 10:00,0,0,282.174,0.0063,4.5804,1.6668,101119.66,74.596,292.336
5/24/2007 11:00,0,0,284.236,0.007012,4.6692,1.332,101121.46,211.436,294.576
5/24/2007 12:00,0,0,286.3,0.007764,4.7558,1.0028,101123.22,396.258,319.844
5/24/2007 13:00,0,0,288.916,0.008766,4.7202,0.8756,101081.18,564.656,322.53
5/24/2007 14:00,0,0,291.534,0.009832,4.678,0.754,101038.82,722.826,325.23
5/24/2007 15:00,0,0,294.152,0.010946,4.6414,0.6272,100998.12,810.102,352.634
5/24/2007 16:00,0,0,295.68,0.011774,4.772,0.7722,100976.56,892.366,354.802
5/24/2007 17:00,0,0,297.222,0.012632,4.9072,0.9128,100954.72,897.376,356.99
5/24/2007 18:00,0,0,298.754,0.013524,5.0426,1.0616,100932.86,828.064,370.196
5/24/2007 19:00,0,0,299.466,0.01408,5.2044,0.9498,100801.42,760.82,371.836
5/24/2007 20:00,0,0,300.182,0.01465,5.3656,0.8328,100670.22,637.926,373.472
5/24/2007 21:00,0,0,300.896,0.01524,5.527,0.7166,100538.58,477.596,366.874
5/24/2007 22:00,0,0,298.452,0.01428,5.1074,0.7966,100543.76,327.642,362.512
5/24/2007 23:00,0,0,295.988,0.013344,4.6888,0.878,100549.06,166.436,358.08
5/25/2007 0:00,0,0,293.542,0.012462,4.2694,0.9536,100553.9,2.638,325.066
5/25/2007 1:00,0,0,291.518,0.01097,4.3912,0.8648,100522.2,0,320.082
5/25/2007 2:00,0,0,289.498,0.009606,4.5078,0.7726,100489.24,0,315.12
5/25/2007 3:00,0,0,287.476,0.00837,4.6354,0.6796,100457.52,0,309.494
5/25/2007 4:00,0,0,286.906,0.00815,4.752,0.3792,100432.64,0,308.696
5/25/2007 5:00,0,0,286.338,0.007936,4.8696,0.074,100408.26,0,307.912
5/25/2007 6:00,0,0,285.768,0.007726,4.9906,-0.226,100382.32,0,306.198
5/25/2007 7:00,0,0,285.58,0.007626,4.956,-0.307,100332.84,0,306.484
5/25/2007 8:00,0,0,285.386,0.007524,4.9258,-0.3804,100282.82,0,306.79
5/25/2007 9:00,0,0,285.196,0.007426,4.8922,-0.4586,100232.14,0,306.676
5/25/2007 10:00,0,0,287.52,0.008328,4.8346,-0.5004,100305.5,76.006,310.722
5/25/2007 11:00,0,0,289.842,0.009296,4.7724,-0.5462,100378.3,212.584,314.77
5/25/2007 12:00,0,0,292.164,0.010336,4.7108,-0.5862,100450.92,394.794,344.96
5/25/2007 13:00,0,0,295.098,0.011514,4.6066,-0.919,100408.26,561.93,349.144
5/25/2007 14:00,0,0,298.038,0.012778,4.5006,-1.2554,100365.96,718.958,353.366
5/25/2007 15:00,0,0,300.972,0.014112,4.3966,-1.5886,100323.62,806.416,379.324
5/25/2007 16:00,0,0,302.01,0.014324,4.1772,-1.8958,100245.64,888.186,380.912
5/25/2007 17:00,0,0,303.056,0.014546,3.9548,-2.1928,100168.28,893.256,382.542
5/25/2007 18:00,0,0,304.094,0.014768,3.731,-2.5004,100091.06,824.742,390.466
5/25/2007 19:00,0,0,303.99,0.014582,3.8024,-1.8744,100068.12,758.056,390.588
5/25/2007 20:00,0,0,303.884,0.014394,3.8632,-1.2466,100045.46,636,390.7
5/25/2007 21:00,0,0,303.784,0.014214,3.929,-0.616,100021.64,476.938,380.328
5/25/2007 22:00,0,0,301.386,0.014028,3.8972,-0.1858,99958,327.926,377.074
5/25/2007 23:00,0,0,298.974,0.01381,3.8706,0.2484,99892.58,167.702,373.746
5/26/2007 0:00,0,0,296.576,0.013588,3.8376,0.676,99827.76,3.554,344.556
5/26/2007 1:00,0,0,295.24,0.012488,3.9256,0.5514,99914.84,0,343.324
5/26/2007 2:00,0,0,293.91,0.011414,4.0152,0.4216,100002.54,0,342.07
5/26/2007 3:00,0,0,292.574,0.01038,4.097,0.2946,100089.66,0,338.922
5/26/2007 4:00,0,0,291.968,0.01021,4.0734,-0.1698,100021.28,0,338.63
5/26/2007 5:00,0,0,291.366,0.01005,4.0454,-0.635,99952.7,0,338.386
5/26/2007 6:00,0,0,290.76,0.009882,4.0216,-1.0998,99884.68,0,333.446
5/26/2007 7:00,0,0,290.522,0.009864,3.9598,-1.1364,99913.4,0,333.754
5/26/2007 8:00,0,0,290.286,0.009842,3.9008,-1.1658,99941.5,0,334.044
5/26/2007 9:00,0,0,290.048,0.009828,3.849,-1.2028,99969.72,0,335.642
5/26/2007 10:00,0,0,292.468,0.011202,3.706,-1.6306,99964.48,77.144,339.72
5/26/2007 11:00,0,0,294.886,0.012682,3.5638,-2.063,99958.9,213.122,343.794
5/26/2007 12:00,0,0,297.304,0.014272,3.4206,-2.4908,99952.94,388.534,370.744
5/26/2007 13:00,0,0,298.72,0.01449,3.8308,-2.6756,99996.3,552.442,372.88
5/26/2007 14:00,0,0,300.144,0.014704,4.2414,-2.866,100038.98,706.452,375.036
5/26/2007 15:00,0,0,301.556,0.014916,4.6512,-3.056,100079.88,789.668,389.09
5/26/2007 16:00,0,0,301.766,0.014884,4.9562,-2.9628,100000.86,869.702,388.916
5/26/2007 17:00,0,0,301.984,0.014852,5.2662,-2.87,99922.02,874.67,388.758
5/26/2007 18:00,0,0,302.196,0.014816,5.5676,-2.775,99841.74,795.7,385.616
5/26/2007 19:00,0,0,301.618,0.014134,5.6586,-2.8918,99843.72,731.598,384.49
5/26/2007 20:00,0,0,301.046,0.013474,5.7468,-3.0132,99846.5,614.168,383.468
5/26/2007 21:00,0,0,300.47,0.01282,5.8326,-3.1284,99848.64,480.702,357.194
5/26/2007 22:00,0,0,298.13,0.012082,4.9818,-2.7004,99845.16,331.25,354.33
5/26/2007 23:00,0,0,295.792,0.011378,4.1228,-2.2746,99844.18,170.52,351.498
5/27/2007 0:00,0,0,293.45,0.01069,3.2664,-1.8428,99841.94,5.972,324.464
5/27/2007 1:00,0,0,292.07,0.009826,3.2938,-1.81,99910.56,0,322.548
5/27/2007 2:00,0,0,290.678,0.00899,3.327,-1.772,99978.76,0,320.67
5/27/2007 3:00,0,0,289.294,0.008194,3.3578,-1.7396,100047.72,0,326.852
5/27/2007 4:00,0,0,288.604,0.00796,2.811,-2.137,100047.02,0,325.616
5/27/2007 5:00,0,0,287.916,0.007722,2.2636,-2.53,100047.3,0,324.384
5/27/2007 6:00,0,0,287.226,0.007498,1.7202,-2.9232,100047.94,0,339.406
5/27/2007 7:00,0,0,287.25,0.007302,0.8672,-2.4162,100088.78,0,338.952
5/27/2007 8:00,0,0,287.274,0.007106,0.0148,-1.906,100131.02,0,338.478
5/27/2007 9:00,0,0,287.292,0.006916,-0.8382,-1.3988,100173.18,0,344.03
5/27/2007 10:00,0,0,288.804,0.00773,-1.2402,-0.954,100206.02,51.624,347.808
5/27/2007 11:00,0,0,290.314,0.008596,-1.6372,-0.5106,100238.82,140.988,351.596
5/27/2007 12:00,0,0,291.824,0.009532,-2.0398,-0.067,100271.32,130.522,390.156
5/27/2007 13:00,0,0,292.706,0.009836,-2.3648,0.322,100326.78,185.408,393.288
5/27/2007 14:00,0,0,293.59,0.010148,-2.6808,0.7136,100381.76,236.968,396.496
5/27/2007 15:00,0,0,294.472,0.010462,-3.0068,1.1026,100437.88,442.676,390.05
5/27/2007 16:00,0,0,295.656,0.011102,-2.5306,1.5948,100387.78,487.496,392.676
5/27/2007 17:00,0,0,296.842,0.011764,-2.0546,2.088,100338.78,490.29,395.322
5/27/2007 18:00,0,0,298.026,0.012448,-1.5786,2.5842,100288.3,706.296,381.996
5/27/2007 19:00,0,0,298.482,0.012966,-1.3746,2.8898,100225.76,649.63,382.798
5/27/2007 20:00,0,0,298.944,0.013494,-1.1638,3.1922,100163.48,545.708,383.616
5/27/2007 21:00,0,0,299.402,0.014026,-0.9566,3.5022,100100.24,479.836,365.788
5/27/2007 22:00,0,0,296.668,0.013052,-0.954,3.2226,100086.78,331.366,360.26
5/27/2007 23:00,0,0,293.934,0.012114,-0.9466,2.9442,100071.94,171.65,354.7
5/28/2007 0:00,0,0,291.198,0.011226,-0.9452,2.669,100057.76,4.954,332.074
5/28/2007 1:00,0,0,289.846,0.010494,-0.2324,2.8158,100057.66,0,329.898
5/28/2007 2:00,0.000072,0.000000072,288.492,0.00979,0.4784,2.9608,100057.7,0,327.7
5/28/2007 3:00,0,0,287.14,0.009118,1.19,3.1076,100057.16,0,328.164
5/28/2007 4:00,0,0,287.286,0.009286,1.5912,3.0488,100013.04,0,328.348
5/28/2007 5:00,0,0,287.428,0.009454,1.9868,2.9906,99968.14,0,328.546
5/28/2007 6:00,0.015366,0.000015366,287.578,0.009628,2.3874,2.9268,99923.22,0,347.656
5/28/2007 7:00,0,0,287.714,0.009772,2.5218,2.5708,99941.12,0,347.836
5/28/2007 8:00,0,0,287.852,0.009914,2.661,2.2124,99959.8,0,348.022
5/28/2007 9:00,0,0,287.988,0.010066,2.7948,1.8552,99978.1,0,355.738
5/28/2007 10:00,0,0,289.604,0.010998,3.0068,1.4934,99998.24,72.964,356.188
5/28/2007 11:00,0,0,291.224,0.011944,3.219,1.1326,100017.82,197.178,356.658
5/28/2007 12:00,0,0,292.84,0.0129,3.427,0.772,100038.2,306.758,378.482
5/28/2007 13:00,0,0,294.526,0.013108,3.8744,0.4418,100051.14,435.296,379.374
5/28/2007 14:00,0,0,296.214,0.013316,4.3264,0.1088,100064.98,556.21,380.298
5/28/2007 15:00,0,0,297.898,0.013524,4.7746,-0.2212,100078.68,686.094,388.358
5/28/2007 16:00,0,0,298.21,0.013036,5.3964,0.0062,100009.4,755.498,388.516
5/28/2007 17:00,0,0,298.524,0.012544,6.0156,0.2324,99941.08,759.968,388.69
5/28/2007 18:00,0,0,298.83,0.012052,6.6304,0.455,99871.88,744.078,381.774
5/28/2007 19:00,0,0,298.682,0.011938,6.7456,0.783,99881.78,684.602,381.776
5/28/2007 20:00,0,0,298.536,0.01183,6.8522,1.1076,99892.12,575.37,381.81
5/28/2007 21:00,0,0,298.388,0.01171,6.9632,1.4402,99902.74,477.586,351.326
5/28/2007 22:00,0,0,296.866,0.011576,6.1902,0.644,99887.82,330.484,351.496
5/28/2007 23:00,0,0,295.342,0.011446,5.4188,-0.1524,99871.42,172.242,351.692
5/29/2007 0:00,0,0,293.82,0.011312,4.6508,-0.9442,99855.98,5.132,326.086
5/29/2007 1:00,0,0,292.462,0.010416,4.4882,-1.6506,99947.7,0,325.848
5/29/2007 2:00,0,0,291.098,0.009516,4.3284,-2.3568,100039.26,0,325.566
5/29/2007 3:00,0,0,289.744,0.008632,4.1738,-3.059,100130.58,0,300.46
5/29/2007 4:00,0,0,288.556,0.008152,3.5754,-3.3956,100159.78,0,299.928
5/29/2007 5:00,0,0,287.364,0.00767,2.9774,-3.7328,100188.6,0,299.344
5/29/2007 6:00,0,0,286.18,0.0072,2.3844,-4.0656,100217.32,0,285.1
5/29/2007 7:00,0,0,285.288,0.006924,2.2976,-3.8616,100221.58,0,284.442
5/29/2007 8:00,0,0,284.398,0.006652,2.2044,-3.6574,100225.56,0,283.78
5/29/2007 9:00,0,0,283.51,0.006384,2.1128,-3.4548,100229.94,0,279.852
5/29/2007 10:00,0,0,285.818,0.007154,2.2638,-3.6076,100308.06,83.902,282.974
5/29/2007 11:00,0,0,288.13,0.00798,2.4116,-3.7554,100385.4,224.496,286.084
5/29/2007 12:00,0,0,290.44,0.00886,2.559,-3.9088,100462,407.472,307.512
5/29/2007 13:00,0,0,291.968,0.009244,2.13,-4.4874,100460.26,577.746,309.854
5/29/2007 14:00,0,0,293.506,0.00965,1.6968,-5.0676,100459,737.848,312.236
5/29/2007 15:00,0,0,295.036,0.010056,1.266,-5.6512,100455.74,747.426,351.026
5/29/2007 16:00,0,0,295.868,0.010456,1.4088,-5.4956,100435.48,823.062,352.372
5/29/2007 17:00,0,0,296.708,0.010866,1.5536,-5.3436,100416.12,827.926,353.74
5/29/2007 18:00,0,0,297.538,0.011282,1.695,-5.1926,100396.16,624.77,402.048
5/29/2007 19:00,0,0,297.63,0.011368,1.5762,-4.9328,100355.98,575.028,402.084
5/29/2007 20:00,0,0,297.722,0.01145,1.47,-4.6784,100315.64,483.56,402.13
5/29/2007 21:00,0,0,297.816,0.011536,1.356,-4.4234,100276.74,376.126,399.066
5/29/2007 22:00,0,0,296.094,0.011064,1.2892,-3.6452,100307.36,260.806,394.024
5/29/2007 23:00,0,0,294.378,0.010598,1.2272,-2.8758,100337.66,136.716,389.004
5/30/2007 0:00,0,0,292.658,0.01014,1.1674,-2.103,100368.58,7.208,360.466
5/30/2007 1:00,0,0,291.234,0.008904,0.8166,-2.0536,100379.66,0,355.728
5/30/2007 2:00,0,0,289.802,0.007772,0.4622,-2.001,100391.62,0,351.036
5/30/2007 3:00,0,0,288.372,0.006742,0.115,-1.9522,100403.5,0,333.448
5/30/2007 4:00,0,0,287.224,0.006454,0.4544,-1.9042,100379.28,0,330.74
5/30/2007 5:00,0,0,286.08,0.00618,0.7938,-1.8616,100358.82,0,328.086
5/30/2007 6:00,0,0,284.932,0.005916,1.1404,-1.8134,100335.96,0,307.588
5/30/2007 7:00,0,0,284.282,0.00568,1.5196,-1.3422,100392.96,0,306.422
5/30/2007 8:00,0,0,283.626,0.005446,1.899,-0.8736,100451.86,0,305.278
5/30/2007 9:00,0,0,282.974,0.005224,2.2814,-0.4044,100508.88,0,294.574
5/30/2007 10:00,0,0,285.24,0.006152,1.871,-0.5876,100485.52,80.982,298.678
5/30/2007 11:00,0,0,287.52,0.007174,1.4614,-0.7776,100461.42,214.732,302.862
5/30/2007 12:00,0,0,289.786,0.008288,1.0516,-0.9592,100439.18,402.682,320.408
5/30/2007 13:00,0,0,292.052,0.008654,1.5052,-0.6148,100402.12,570.508,324.558
5/30/2007 14:00,0,0,294.322,0.009028,1.9652,-0.2736,100364.26,728.302,328.732
5/30/2007 15:00,0,0,296.588,0.009392,2.419,0.0696,100327.36,786.008,353.19
5/30/2007 16:00,0,0,297.22,0.009884,2.8026,0.1328,100349.48,865.538,354.586
5/30/2007 17:00,0,0,297.858,0.010388,3.1814,0.2006,100371.8,870.696,355.996
5/30/2007 18:00,0,0,298.492,0.010902,3.5608,0.2654,100393.36,678.508,389.608
5/30/2007 19:00,0,0,298.71,0.011436,3.677,0.3448,100296.46,624.702,390.306
5/30/2007 20:00,0,0,298.922,0.011976,3.7896,0.4246,100199.34,525.776,390.986
5/30/2007 21:00,0,0,299.138,0.012524,3.9074,0.5096,100100.72,356.56,397.91
5/30/2007 22:00,0,0,296.966,0.01212,3.557,0.9014,100101.76,247.804,392.234
5/30/2007 23:00,0,0,294.788,0.011696,3.2116,1.299,100101.44,130.626,386.546
5/31/2007 0:00,0,0,292.616,0.011266,2.865,1.6912,100102.2,6.604,351.532
5/31/2007 1:00,0,0,291.01,0.010204,3.13,1.5982,100076.12,0,348.122
5/31/2007 2:00,0,0,289.398,0.009206,3.3964,1.5074,100050.94,0,344.688
5/31/2007 3:00,0,0,287.792,0.008272,3.6644,1.4186,100024.4,0,357.386
5/31/2007 4:00,0,0,287.906,0.008446,3.6376,1.06,100033.9,0,358.006
5/31/2007 5:00,0,0,288.01,0.008622,3.6104,0.7052,100042.24,0,358.63
5/31/2007 6:00,0,0,288.122,0.008798,3.5842,0.3554,100051.2,0,354.32
5/31/2007 7:00,0,0,287.742,0.008584,3.0244,-0.2704,100044.02,0,353.796
5/31/2007 8:00,0,0,287.362,0.00837,2.461,-0.8958,100036.84,0,353.272
5/31/2007 9:00,0,0,286.982,0.008162,1.9014,-1.517,100029.38,0,338.78
5/31/2007 10:00,0,0,289.768,0.009588,0.8648,-1.5932,100106.22,74.742,345.582
5/31/2007 11:00,0,0,292.564,0.011194,-0.1678,-1.6734,100183.82,196.546,352.468
5/31/2007 12:00,0,0,295.35,0.012982,-1.2034,-1.7484,100260.42,343.68,377.802
5/31/2007 13:00,0,0,296.522,0.013662,-2.1432,-1.5686,100255.64,486.488,380.772
5/31/2007 14:00,0,0,297.694,0.014372,-3.0802,-1.397,100251.6,620.954,383.754
5/31/2007 15:00,0,0,298.868,0.015104,-4.0146,-1.2218,100246.72,598.748,408.75
5/31/2007 16:00,0,0,298.856,0.015218,-3.715,-0.318,100292.34,659.278,408.638
5/31/2007 17:00,0,0,298.846,0.015332,-3.4106,0.5806,100341.48,663.328,408.534
5/31/2007 18:00,0,0,298.834,0.01545,-3.1062,1.4802,100388.54,745.038,396.572
5/31/2007 19:00,0,0,298.876,0.015622,-3.0062,1.4038,100296.9,686.2,396.514
5/31/2007 20:00,0,0,298.92,0.015804,-2.9102,1.3286,100205,577.644,396.5
5/31/2007 21:00,0,0,298.962,0.015976,-2.8106,1.248,100113.76,419.652,389.008
5/31/2007 22:00,0,0,296.786,0.014962,-2.704,1.0918,100129.94,292.22,385.6
5/31/2007 23:00,0.101904,0.000101904,294.6,0.013988,-2.6036,0.94,100145.58,154.866,382.16
